,entity,relation,true_tail,/people/person/gender,/people/person/languages,/people/person/nationality,/people/person/profession,/people/person/places_lived./people/place_lived/location,/people/person/spouse_s./people/marriage/type_of_union,/people/person/religion
0,22,/people/person/profession,11246,-1,-1,-1,11246,-1,-1,-1
1,46,/people/person/profession,1030,-1,-1,-1,-1,-1,-1,-1
2,77,/people/person/profession,10485,-1,-1,-1,10485,-1,-1,-1
3,113,/people/person/profession,733,-1,-1,-1,733,-1,-1,-1
4,114,/people/person/profession,1370,-1,-1,-1,1370,-1,-1,-1
5,119,/people/person/profession,4510,-1,-1,-1,-1,-1,-1,-1
6,119,/people/person/profession,10347,-1,-1,-1,-1,-1,-1,-1
7,122,/people/person/profession,11852,-1,-1,-1,11852,-1,-1,-1
8,129,/people/person/profession,4396,-1,-1,-1,4396,-1,-1,-1
9,130,/people/person/profession,4396,-1,-1,-1,4396,-1,-1,-1
10,132,/people/person/profession,10485,-1,-1,-1,10485,-1,-1,-1
11,140,/people/person/profession,1267,-1,-1,-1,-1,-1,-1,-1
12,158,/people/person/profession,14032,-1,-1,-1,-1,-1,-1,-1
13,161,/people/person/profession,12061,-1,-1,-1,-1,-1,-1,-1
14,178,/people/person/profession,1259,-1,-1,-1,13720,-1,-1,-1
15,178,/people/person/profession,7312,-1,-1,-1,13720,-1,-1,-1
16,178,/people/person/profession,11863,-1,-1,-1,13720,-1,-1,-1
17,178,/people/person/profession,13720,-1,-1,-1,13720,-1,-1,-1
18,181,/people/person/profession,4396,-1,-1,-1,4396,-1,-1,-1
19,184,/people/person/profession,13803,-1,-1,-1,13803,-1,-1,-1
20,189,/people/person/profession,3444,-1,-1,-1,4396,-1,-1,-1
21,189,/people/person/profession,4396,-1,-1,-1,4396,-1,-1,-1
22,193,/people/person/profession,4396,-1,-1,-1,4396,-1,-1,-1
23,196,/people/person/profession,636,-1,-1,-1,-1,-1,-1,-1
24,204,/people/person/profession,1370,-1,-1,-1,1370,-1,-1,-1
25,228,/people/person/profession,10485,-1,-1,-1,-1,-1,-1,-1
26,228,/people/person/profession,12113,-1,-1,-1,-1,-1,-1,-1
27,230,/people/person/profession,5823,-1,-1,-1,-1,-1,-1,-1
28,232,/people/person/profession,11852,-1,-1,-1,11852,-1,-1,-1
29,233,/people/person/profession,4396,-1,-1,-1,4396,-1,-1,-1
30,248,/people/person/profession,4441,-1,-1,-1,4441,-1,-1,-1
31,285,/people/person/profession,4396,-1,-1,-1,10485,-1,-1,-1
32,285,/people/person/profession,10485,-1,-1,-1,10485,-1,-1,-1
33,290,/people/person/profession,13857,-1,-1,-1,13857,-1,-1,-1
34,302,/people/person/profession,4396,-1,-1,-1,4396,-1,-1,-1
35,316,/people/person/profession,733,-1,-1,-1,733,-1,-1,-1
36,322,/people/person/profession,4396,-1,-1,-1,4396,-1,-1,-1
37,337,/people/person/profession,1259,-1,-1,-1,1259,-1,-1,-1
38,340,/people/person/profession,4396,-1,-1,-1,13803,-1,-1,-1
39,340,/people/person/profession,13803,-1,-1,-1,13803,-1,-1,-1
40,364,/people/person/profession,1259,-1,-1,-1,1259,-1,-1,-1
41,365,/people/person/profession,11852,-1,-1,-1,11852,-1,-1,-1
42,367,/people/person/profession,4441,-1,-1,-1,4441,-1,-1,-1
43,407,/people/person/profession,11852,-1,-1,-1,11852,-1,-1,-1
44,419,/people/person/profession,1370,-1,-1,-1,1370,-1,-1,-1
45,422,/people/person/profession,5823,-1,-1,-1,-1,-1,-1,-1
46,428,/people/person/profession,1370,-1,-1,-1,1370,-1,-1,-1
47,429,/people/person/profession,8643,-1,-1,-1,-1,-1,-1,-1
48,476,/people/person/profession,13803,-1,-1,-1,13803,-1,-1,-1
49,510,/people/person/profession,11852,-1,-1,-1,11852,-1,-1,-1
50,514,/people/person/profession,4396,-1,-1,-1,4396,-1,-1,-1
51,518,/people/person/profession,464,-1,-1,-1,6121,-1,-1,-1
52,518,/people/person/profession,6121,-1,-1,-1,6121,-1,-1,-1
53,524,/people/person/profession,4396,-1,-1,-1,4396,-1,-1,-1
54,544,/people/person/profession,4396,-1,-1,-1,4396,-1,-1,-1
55,548,/people/person/profession,7312,-1,-1,-1,-1,-1,-1,-1
56,577,/people/person/profession,11863,-1,-1,-1,11863,-1,-1,-1
57,610,/people/person/profession,13317,-1,-1,-1,13317,-1,-1,-1
58,620,/people/person/profession,923,-1,-1,-1,4396,-1,-1,-1
59,620,/people/person/profession,4396,-1,-1,-1,4396,-1,-1,-1
60,624,/people/person/profession,1370,-1,-1,-1,1370,-1,-1,-1
61,638,/people/person/profession,13720,-1,-1,-1,13803,-1,-1,-1
62,638,/people/person/profession,13803,-1,-1,-1,13803,-1,-1,-1
63,643,/people/person/profession,4441,-1,-1,-1,4441,-1,-1,-1
64,646,/people/person/profession,10485,-1,-1,-1,10485,-1,-1,-1
65,648,/people/person/profession,11863,-1,-1,-1,11863,-1,-1,-1
66,650,/people/person/profession,11592,-1,-1,-1,11852,-1,-1,-1
67,650,/people/person/profession,11852,-1,-1,-1,11852,-1,-1,-1
68,667,/people/person/profession,6121,-1,-1,-1,6121,-1,-1,-1
69,672,/people/person/profession,13317,-1,-1,-1,13317,-1,-1,-1
70,675,/people/person/profession,923,-1,-1,-1,11852,-1,-1,-1
71,675,/people/person/profession,11852,-1,-1,-1,11852,-1,-1,-1
72,683,/people/person/profession,11863,-1,-1,-1,11863,-1,-1,-1
73,692,/people/person/profession,733,-1,-1,-1,733,-1,-1,-1
74,693,/people/person/profession,4396,-1,-1,-1,4396,-1,-1,-1
75,699,/people/person/profession,6121,-1,-1,-1,6121,-1,-1,-1
76,709,/people/person/profession,11863,-1,-1,-1,11863,-1,-1,-1
77,713,/people/person/profession,1259,-1,-1,-1,1259,-1,-1,-1
78,723,/people/person/profession,13857,-1,-1,-1,13857,-1,-1,-1
79,728,/people/person/profession,4396,-1,-1,-1,4396,-1,-1,-1
80,730,/people/person/profession,13803,-1,-1,-1,13803,-1,-1,-1
81,757,/people/person/profession,4396,-1,-1,-1,4396,-1,-1,-1
82,783,/people/person/profession,4396,-1,-1,-1,4396,-1,-1,-1
83,796,/people/person/profession,3444,-1,-1,-1,-1,-1,-1,-1
84,799,/people/person/profession,5823,-1,-1,-1,-1,-1,-1,-1
85,818,/people/person/profession,4396,-1,-1,-1,4396,-1,-1,-1
86,825,/people/person/profession,733,-1,-1,-1,11863,-1,-1,-1
87,825,/people/person/profession,3444,-1,-1,-1,11863,-1,-1,-1
88,825,/people/person/profession,11863,-1,-1,-1,11863,-1,-1,-1
89,841,/people/person/profession,4396,-1,-1,-1,4396,-1,-1,-1
90,843,/people/person/profession,10485,-1,-1,-1,13803,-1,-1,-1
91,843,/people/person/profession,13803,-1,-1,-1,13803,-1,-1,-1
92,851,/people/person/profession,4441,-1,-1,-1,4441,-1,-1,-1
93,889,/people/person/profession,1370,-1,-1,-1,4441,-1,-1,-1
94,889,/people/person/profession,4441,-1,-1,-1,4441,-1,-1,-1
95,894,/people/person/profession,1370,-1,-1,-1,1370,-1,-1,-1
96,905,/people/person/profession,1370,-1,-1,-1,-1,-1,-1,-1
97,905,/people/person/profession,8773,-1,-1,-1,-1,-1,-1,-1
98,912,/people/person/profession,3006,-1,-1,-1,-1,-1,-1,-1
99,917,/people/person/profession,4396,-1,-1,-1,4396,-1,-1,-1
100,921,/people/person/profession,8581,-1,-1,-1,11863,-1,-1,-1
101,921,/people/person/profession,11863,-1,-1,-1,11863,-1,-1,-1
102,955,/people/person/profession,9752,-1,-1,-1,-1,-1,-1,-1
103,957,/people/person/profession,10485,-1,-1,-1,10485,-1,-1,-1
104,958,/people/person/profession,11863,-1,-1,-1,11863,-1,-1,-1
105,975,/people/person/profession,11852,-1,-1,-1,11852,-1,-1,-1
106,988,/people/person/profession,4396,-1,-1,-1,4396,-1,-1,-1
107,1031,/people/person/profession,10485,-1,-1,-1,10485,-1,-1,-1
108,1036,/people/person/profession,4396,-1,-1,-1,4396,-1,-1,-1
109,1053,/people/person/profession,6560,-1,-1,-1,-1,-1,-1,-1
110,1054,/people/person/profession,11863,-1,-1,-1,11863,-1,-1,-1
111,1077,/people/person/profession,173,-1,-1,-1,-1,-1,-1,-1
112,1083,/people/person/profession,4396,-1,-1,-1,4396,-1,-1,-1
113,1086,/people/person/profession,4396,-1,-1,-1,4396,-1,-1,-1
114,1107,/people/person/profession,11592,-1,-1,-1,-1,-1,-1,-1
115,1120,/people/person/profession,13317,-1,-1,-1,13317,-1,-1,-1
116,1139,/people/person/profession,4403,-1,-1,-1,-1,-1,-1,-1
117,1147,/people/person/profession,4396,-1,-1,-1,4396,-1,-1,-1
118,1161,/people/person/profession,10485,-1,-1,-1,11246,-1,-1,-1
119,1161,/people/person/profession,11246,-1,-1,-1,11246,-1,-1,-1
120,1172,/people/person/profession,1370,-1,-1,-1,6121,-1,-1,-1
121,1172,/people/person/profession,4510,-1,-1,-1,6121,-1,-1,-1
122,1172,/people/person/profession,6121,-1,-1,-1,6121,-1,-1,-1
123,1196,/people/person/profession,13720,-1,-1,-1,13720,-1,-1,-1
124,1198,/people/person/profession,4396,-1,-1,-1,4396,-1,-1,-1
125,1207,/people/person/profession,4396,-1,-1,-1,4396,-1,-1,-1
126,1220,/people/person/profession,4396,-1,-1,-1,4396,-1,-1,-1
127,1222,/people/person/profession,5823,-1,-1,-1,13803,-1,-1,-1
128,1222,/people/person/profession,13803,-1,-1,-1,13803,-1,-1,-1
129,1239,/people/person/profession,11852,-1,-1,-1,11852,-1,-1,-1
130,1248,/people/person/profession,490,-1,-1,-1,-1,-1,-1,-1
131,1249,/people/person/profession,4510,-1,-1,-1,4510,-1,-1,-1
132,1263,/people/person/profession,11246,-1,-1,-1,11246,-1,-1,-1
133,1331,/people/person/profession,13720,-1,-1,-1,13720,-1,-1,-1
134,1344,/people/person/profession,4396,-1,-1,-1,4396,-1,-1,-1
135,1355,/people/person/profession,5823,-1,-1,-1,-1,-1,-1,-1
136,1369,/people/person/profession,1259,-1,-1,-1,1259,-1,-1,-1
137,1372,/people/person/profession,4396,-1,-1,-1,4396,-1,-1,-1
138,1394,/people/person/profession,4396,-1,-1,-1,13803,-1,-1,-1
139,1394,/people/person/profession,13803,-1,-1,-1,13803,-1,-1,-1
140,1410,/people/person/profession,636,-1,-1,-1,-1,-1,-1,-1
141,1413,/people/person/profession,923,-1,-1,-1,923,-1,-1,-1
142,1442,/people/person/profession,4396,-1,-1,-1,4396,-1,-1,-1
143,1456,/people/person/profession,11852,-1,-1,-1,11852,-1,-1,-1
144,1484,/people/person/profession,4396,-1,-1,-1,4396,-1,-1,-1
145,1523,/people/person/profession,11518,-1,-1,-1,11518,-1,-1,-1
146,1533,/people/person/profession,11852,-1,-1,-1,11852,-1,-1,-1
147,1536,/people/person/profession,923,-1,-1,-1,923,-1,-1,-1
148,1542,/people/person/profession,11852,-1,-1,-1,11852,-1,-1,-1
149,1548,/people/person/profession,923,-1,-1,-1,923,-1,-1,-1
150,1550,/people/person/profession,1030,-1,-1,-1,-1,-1,-1,-1
151,1551,/people/person/profession,11852,-1,-1,-1,11852,-1,-1,-1
152,1554,/people/person/profession,11592,-1,-1,-1,-1,-1,-1,-1
153,1581,/people/person/profession,4441,-1,-1,-1,4441,-1,-1,-1
154,1582,/people/person/profession,4396,-1,-1,-1,6121,-1,-1,-1
155,1582,/people/person/profession,6121,-1,-1,-1,6121,-1,-1,-1
156,1599,/people/person/profession,923,-1,-1,-1,923,-1,-1,-1
157,1646,/people/person/profession,1259,-1,-1,-1,11863,-1,-1,-1
158,1646,/people/person/profession,10485,-1,-1,-1,11863,-1,-1,-1
159,1646,/people/person/profession,11863,-1,-1,-1,11863,-1,-1,-1
160,1650,/people/person/profession,4403,-1,-1,-1,-1,-1,-1,-1
161,1650,/people/person/profession,11592,-1,-1,-1,-1,-1,-1,-1
162,1656,/people/person/profession,11246,-1,-1,-1,11246,-1,-1,-1
163,1659,/people/person/profession,4396,-1,-1,-1,4396,-1,-1,-1
164,1666,/people/person/profession,6121,-1,-1,-1,6121,-1,-1,-1
165,1669,/people/person/profession,4396,-1,-1,-1,4396,-1,-1,-1
166,1677,/people/person/profession,13317,-1,-1,-1,13317,-1,-1,-1
167,1678,/people/person/profession,6121,-1,-1,-1,6121,-1,-1,-1
168,1681,/people/person/profession,4396,-1,-1,-1,4396,-1,-1,-1
169,1684,/people/person/profession,733,-1,-1,-1,733,-1,-1,-1
170,1690,/people/person/profession,4396,-1,-1,-1,4396,-1,-1,-1
171,1734,/people/person/profession,10485,-1,-1,-1,10485,-1,-1,-1
172,1740,/people/person/profession,11246,-1,-1,-1,13317,-1,-1,-1
173,1740,/people/person/profession,13317,-1,-1,-1,13317,-1,-1,-1
174,1767,/people/person/profession,11541,-1,-1,-1,-1,-1,-1,-1
175,1775,/people/person/profession,11863,-1,-1,-1,11863,-1,-1,-1
176,1799,/people/person/profession,326,-1,-1,-1,-1,-1,-1,-1
177,1828,/people/person/profession,4396,-1,-1,-1,4396,-1,-1,-1
178,1834,/people/person/profession,8689,-1,-1,-1,-1,-1,-1,-1
179,1841,/people/person/profession,11863,-1,-1,-1,11863,-1,-1,-1
180,1879,/people/person/profession,11863,-1,-1,-1,11863,-1,-1,-1
181,1902,/people/person/profession,4396,-1,-1,-1,13803,-1,-1,-1
182,1902,/people/person/profession,13803,-1,-1,-1,13803,-1,-1,-1
183,1911,/people/person/profession,6121,-1,-1,-1,6121,-1,-1,-1
184,1915,/people/person/profession,10485,-1,-1,-1,10485,-1,-1,-1
185,1922,/people/person/profession,4396,-1,-1,-1,4396,-1,-1,-1
186,1924,/people/person/profession,10485,-1,-1,-1,10485,-1,-1,-1
187,1927,/people/person/profession,13803,-1,-1,-1,13803,-1,-1,-1
188,1930,/people/person/profession,11246,-1,-1,-1,11246,-1,-1,-1
189,1933,/people/person/profession,10485,-1,-1,-1,10485,-1,-1,-1
190,1935,/people/person/profession,11852,-1,-1,-1,11852,-1,-1,-1
191,1939,/people/person/profession,4204,-1,-1,-1,-1,-1,-1,-1
192,1944,/people/person/profession,4396,-1,-1,-1,4396,-1,-1,-1
193,1951,/people/person/profession,13803,-1,-1,-1,13803,-1,-1,-1
194,1965,/people/person/profession,4396,-1,-1,-1,4396,-1,-1,-1
195,1972,/people/person/profession,4396,-1,-1,-1,4396,-1,-1,-1
196,1981,/people/person/profession,1259,-1,-1,-1,1259,-1,-1,-1
197,1998,/people/person/profession,4396,-1,-1,-1,4396,-1,-1,-1
198,2005,/people/person/profession,4396,-1,-1,-1,4396,-1,-1,-1
199,2007,/people/person/profession,1259,-1,-1,-1,-1,-1,-1,-1
200,2007,/people/person/profession,4396,-1,-1,-1,-1,-1,-1,-1
201,2007,/people/person/profession,12486,-1,-1,-1,-1,-1,-1,-1
202,2024,/people/person/profession,1370,-1,-1,-1,1370,-1,-1,-1
203,2040,/people/person/profession,13803,-1,-1,-1,13803,-1,-1,-1
204,2048,/people/person/profession,733,-1,-1,-1,11246,-1,-1,-1
205,2048,/people/person/profession,11246,-1,-1,-1,11246,-1,-1,-1
206,2077,/people/person/profession,1125,-1,-1,-1,-1,-1,-1,-1
207,2081,/people/person/profession,733,-1,-1,-1,733,-1,-1,-1
208,2084,/people/person/profession,6560,-1,-1,-1,-1,-1,-1,-1
209,2085,/people/person/profession,10485,-1,-1,-1,13803,-1,-1,-1
210,2085,/people/person/profession,13803,-1,-1,-1,13803,-1,-1,-1
211,2090,/people/person/profession,4396,-1,-1,-1,11863,-1,-1,-1
212,2090,/people/person/profession,11863,-1,-1,-1,11863,-1,-1,-1
213,2093,/people/person/profession,4396,-1,-1,-1,4396,-1,-1,-1
214,2098,/people/person/profession,4396,-1,-1,-1,4396,-1,-1,-1
215,2110,/people/person/profession,4396,-1,-1,-1,11852,-1,-1,-1
216,2110,/people/person/profession,11852,-1,-1,-1,11852,-1,-1,-1
217,2114,/people/person/profession,4396,-1,-1,-1,10485,-1,-1,-1
218,2114,/people/person/profession,10485,-1,-1,-1,10485,-1,-1,-1
219,2124,/people/person/profession,13429,-1,-1,-1,-1,-1,-1,-1
220,2127,/people/person/profession,1370,-1,-1,-1,1370,-1,-1,-1
221,2130,/people/person/profession,464,-1,-1,-1,-1,-1,-1,-1
222,2134,/people/person/profession,4396,-1,-1,-1,4396,-1,-1,-1
223,2150,/people/person/profession,1259,-1,-1,-1,1259,-1,-1,-1
224,2160,/people/person/profession,5823,-1,-1,-1,-1,-1,-1,-1
225,2161,/people/person/profession,13317,-1,-1,-1,13317,-1,-1,-1
226,2168,/people/person/profession,11863,-1,-1,-1,11863,-1,-1,-1
227,2170,/people/person/profession,4396,-1,-1,-1,4441,-1,-1,-1
228,2170,/people/person/profession,4441,-1,-1,-1,4441,-1,-1,-1
229,2172,/people/person/profession,923,-1,-1,-1,923,-1,-1,-1
230,2174,/people/person/profession,4396,-1,-1,-1,4396,-1,-1,-1
231,2189,/people/person/profession,923,-1,-1,-1,13857,-1,-1,-1
232,2189,/people/person/profession,13857,-1,-1,-1,13857,-1,-1,-1
233,2191,/people/person/profession,5823,-1,-1,-1,10485,-1,-1,-1
234,2191,/people/person/profession,10485,-1,-1,-1,10485,-1,-1,-1
235,2195,/people/person/profession,11852,-1,-1,-1,11852,-1,-1,-1
236,2216,/people/person/profession,1259,-1,-1,-1,1370,-1,-1,-1
237,2216,/people/person/profession,1370,-1,-1,-1,1370,-1,-1,-1
238,2225,/people/person/profession,6301,-1,-1,-1,-1,-1,-1,-1
239,2227,/people/person/profession,8581,-1,-1,-1,-1,-1,-1,-1
240,2235,/people/person/profession,464,-1,-1,-1,11518,-1,-1,-1
241,2235,/people/person/profession,11518,-1,-1,-1,11518,-1,-1,-1
242,2236,/people/person/profession,11518,-1,-1,-1,11518,-1,-1,-1
243,2242,/people/person/profession,457,-1,-1,-1,-1,-1,-1,-1
244,2246,/people/person/profession,733,-1,-1,-1,733,-1,-1,-1
245,2248,/people/person/profession,4396,-1,-1,-1,4396,-1,-1,-1
246,2250,/people/person/profession,2995,-1,-1,-1,6121,-1,-1,-1
247,2250,/people/person/profession,6121,-1,-1,-1,6121,-1,-1,-1
248,2256,/people/person/profession,923,-1,-1,-1,923,-1,-1,-1
249,2266,/people/person/profession,13803,-1,-1,-1,13803,-1,-1,-1
250,2277,/people/person/profession,3880,-1,-1,-1,-1,-1,-1,-1
251,2279,/people/person/profession,13317,-1,-1,-1,13317,-1,-1,-1
252,2289,/people/person/profession,1370,-1,-1,-1,1370,-1,-1,-1
253,2308,/people/person/profession,4441,-1,-1,-1,4441,-1,-1,-1
254,2319,/people/person/profession,4441,-1,-1,-1,4441,-1,-1,-1
255,2322,/people/person/profession,1370,-1,-1,-1,13857,-1,-1,-1
256,2322,/people/person/profession,13857,-1,-1,-1,13857,-1,-1,-1
257,2336,/people/person/profession,10485,-1,-1,-1,10485,-1,-1,-1
258,2339,/people/person/profession,4441,-1,-1,-1,4441,-1,-1,-1
259,2353,/people/person/profession,4396,-1,-1,-1,-1,-1,-1,-1
260,2353,/people/person/profession,4740,-1,-1,-1,-1,-1,-1,-1
261,2384,/people/person/profession,6121,-1,-1,-1,11852,-1,-1,-1
262,2384,/people/person/profession,11852,-1,-1,-1,11852,-1,-1,-1
263,2385,/people/person/profession,4441,-1,-1,-1,4441,-1,-1,-1
264,2398,/people/person/profession,1370,-1,-1,-1,1370,-1,-1,-1
265,2426,/people/person/profession,11852,-1,-1,-1,11852,-1,-1,-1
266,2432,/people/person/profession,3444,-1,-1,-1,13857,-1,-1,-1
267,2432,/people/person/profession,13857,-1,-1,-1,13857,-1,-1,-1
268,2457,/people/person/profession,10485,-1,-1,-1,11863,-1,-1,-1
269,2457,/people/person/profession,11863,-1,-1,-1,11863,-1,-1,-1
270,2465,/people/person/profession,4396,-1,-1,-1,4396,-1,-1,-1
271,2474,/people/person/profession,10485,-1,-1,-1,10485,-1,-1,-1
272,2475,/people/person/profession,13803,-1,-1,-1,13803,-1,-1,-1
273,2476,/people/person/profession,4396,-1,-1,-1,4396,-1,-1,-1
274,2497,/people/person/profession,7312,-1,-1,-1,-1,-1,-1,-1
275,2498,/people/person/profession,1267,-1,-1,-1,13803,-1,-1,-1
276,2498,/people/person/profession,13803,-1,-1,-1,13803,-1,-1,-1
277,2499,/people/person/profession,1370,-1,-1,-1,1370,-1,-1,-1
278,2535,/people/person/profession,923,-1,-1,-1,4396,-1,-1,-1
279,2535,/people/person/profession,1370,-1,-1,-1,4396,-1,-1,-1
280,2535,/people/person/profession,4396,-1,-1,-1,4396,-1,-1,-1
281,2551,/people/person/profession,10485,-1,-1,-1,10485,-1,-1,-1
282,2554,/people/person/profession,1370,-1,-1,-1,1370,-1,-1,-1
283,2559,/people/person/profession,6121,-1,-1,-1,6121,-1,-1,-1
284,2560,/people/person/profession,1370,-1,-1,-1,1370,-1,-1,-1
285,2581,/people/person/profession,4396,-1,-1,-1,4396,-1,-1,-1
286,2603,/people/person/profession,10485,-1,-1,-1,10485,-1,-1,-1
287,2606,/people/person/profession,11852,-1,-1,-1,13857,-1,-1,-1
288,2606,/people/person/profession,13857,-1,-1,-1,13857,-1,-1,-1
289,2607,/people/person/profession,7113,-1,-1,-1,13803,-1,-1,-1
290,2607,/people/person/profession,13803,-1,-1,-1,13803,-1,-1,-1
291,2616,/people/person/profession,4510,-1,-1,-1,4510,-1,-1,-1
292,2617,/people/person/profession,3444,-1,-1,-1,-1,-1,-1,-1
293,2620,/people/person/profession,1370,-1,-1,-1,10485,-1,-1,-1
294,2620,/people/person/profession,10485,-1,-1,-1,10485,-1,-1,-1
295,2622,/people/person/profession,4441,-1,-1,-1,13857,-1,-1,-1
296,2622,/people/person/profession,13857,-1,-1,-1,13857,-1,-1,-1
297,2623,/people/person/profession,923,-1,-1,-1,923,-1,-1,-1
298,2646,/people/person/profession,11852,-1,-1,-1,11852,-1,-1,-1
299,2649,/people/person/profession,4396,-1,-1,-1,4396,-1,-1,-1
300,2650,/people/person/profession,4396,-1,-1,-1,4396,-1,-1,-1
301,2651,/people/person/profession,1370,-1,-1,-1,1370,-1,-1,-1
302,2663,/people/person/profession,11852,-1,-1,-1,11852,-1,-1,-1
303,2669,/people/person/profession,4403,-1,-1,-1,11246,-1,-1,-1
304,2669,/people/person/profession,11246,-1,-1,-1,11246,-1,-1,-1
305,2675,/people/person/profession,8643,-1,-1,-1,-1,-1,-1,-1
306,2676,/people/person/profession,4441,-1,-1,-1,4441,-1,-1,-1
307,2678,/people/person/profession,4396,-1,-1,-1,4396,-1,-1,-1
308,2682,/people/person/profession,490,-1,-1,-1,-1,-1,-1,-1
309,2685,/people/person/profession,10485,-1,-1,-1,11863,-1,-1,-1
310,2685,/people/person/profession,11863,-1,-1,-1,11863,-1,-1,-1
311,2688,/people/person/profession,13803,-1,-1,-1,13803,-1,-1,-1
312,2700,/people/person/profession,4396,-1,-1,-1,13317,-1,-1,-1
313,2700,/people/person/profession,5823,-1,-1,-1,13317,-1,-1,-1
314,2700,/people/person/profession,13317,-1,-1,-1,13317,-1,-1,-1
315,2701,/people/person/profession,1370,-1,-1,-1,13803,-1,-1,-1
316,2701,/people/person/profession,10485,-1,-1,-1,13803,-1,-1,-1
317,2701,/people/person/profession,13803,-1,-1,-1,13803,-1,-1,-1
318,2702,/people/person/profession,733,-1,-1,-1,4396,-1,-1,-1
319,2702,/people/person/profession,4396,-1,-1,-1,4396,-1,-1,-1
320,2704,/people/person/profession,4396,-1,-1,-1,13803,-1,-1,-1
321,2704,/people/person/profession,13803,-1,-1,-1,13803,-1,-1,-1
322,2706,/people/person/profession,733,-1,-1,-1,10485,-1,-1,-1
323,2706,/people/person/profession,10485,-1,-1,-1,10485,-1,-1,-1
324,2707,/people/person/profession,10506,-1,-1,-1,-1,-1,-1,-1
325,2709,/people/person/profession,10485,-1,-1,-1,10485,-1,-1,-1
326,2713,/people/person/profession,11863,-1,-1,-1,11863,-1,-1,-1
327,2717,/people/person/profession,13429,-1,-1,-1,-1,-1,-1,-1
328,2720,/people/person/profession,13803,-1,-1,-1,13803,-1,-1,-1
329,2721,/people/person/profession,7312,-1,-1,-1,-1,-1,-1,-1
330,2721,/people/person/profession,10506,-1,-1,-1,-1,-1,-1,-1
331,2725,/people/person/profession,5823,-1,-1,-1,13803,-1,-1,-1
332,2725,/people/person/profession,13803,-1,-1,-1,13803,-1,-1,-1
333,2729,/people/person/profession,10485,-1,-1,-1,10485,-1,-1,-1
334,2731,/people/person/profession,13803,-1,-1,-1,13803,-1,-1,-1
335,2734,/people/person/profession,733,-1,-1,-1,733,-1,-1,-1
336,2739,/people/person/profession,5823,-1,-1,-1,6121,-1,-1,-1
337,2739,/people/person/profession,6121,-1,-1,-1,6121,-1,-1,-1
338,2743,/people/person/profession,1370,-1,-1,-1,1370,-1,-1,-1
339,2748,/people/person/profession,13803,-1,-1,-1,13803,-1,-1,-1
340,2752,/people/person/profession,11863,-1,-1,-1,11863,-1,-1,-1
341,2753,/people/person/profession,13317,-1,-1,-1,13317,-1,-1,-1
342,2754,/people/person/profession,13720,-1,-1,-1,13720,-1,-1,-1
343,2755,/people/person/profession,8773,-1,-1,-1,-1,-1,-1,-1
344,2758,/people/person/profession,10485,-1,-1,-1,10485,-1,-1,-1
345,2759,/people/person/profession,1370,-1,-1,-1,13803,-1,-1,-1
346,2759,/people/person/profession,4396,-1,-1,-1,13803,-1,-1,-1
347,2759,/people/person/profession,11863,-1,-1,-1,13803,-1,-1,-1
348,2759,/people/person/profession,13803,-1,-1,-1,13803,-1,-1,-1
349,2760,/people/person/profession,4396,-1,-1,-1,4396,-1,-1,-1
350,2761,/people/person/profession,10232,-1,-1,-1,-1,-1,-1,-1
351,2766,/people/person/profession,4396,-1,-1,-1,4396,-1,-1,-1
352,2775,/people/person/profession,4396,-1,-1,-1,4396,-1,-1,-1
353,2777,/people/person/profession,4396,-1,-1,-1,4396,-1,-1,-1
354,2782,/people/person/profession,1259,-1,-1,-1,6121,-1,-1,-1
355,2782,/people/person/profession,6121,-1,-1,-1,6121,-1,-1,-1
356,2784,/people/person/profession,1269,-1,-1,-1,-1,-1,-1,-1
357,2790,/people/person/profession,4510,-1,-1,-1,4510,-1,-1,-1
358,2791,/people/person/profession,13317,-1,-1,-1,13317,-1,-1,-1
359,2794,/people/person/profession,13857,-1,-1,-1,13857,-1,-1,-1
360,2796,/people/person/profession,4396,-1,-1,-1,4396,-1,-1,-1
361,2808,/people/person/profession,733,-1,-1,-1,733,-1,-1,-1
362,2811,/people/person/profession,733,-1,-1,-1,733,-1,-1,-1
363,2817,/people/person/profession,4396,-1,-1,-1,4396,-1,-1,-1
364,2826,/people/person/profession,10506,-1,-1,-1,-1,-1,-1,-1
365,2832,/people/person/profession,11246,-1,-1,-1,11246,-1,-1,-1
366,2834,/people/person/profession,13317,-1,-1,-1,13317,-1,-1,-1
367,2839,/people/person/profession,4396,-1,-1,-1,4396,-1,-1,-1
368,2844,/people/person/profession,11863,-1,-1,-1,11863,-1,-1,-1
369,2852,/people/person/profession,1259,-1,-1,-1,4396,-1,-1,-1
370,2852,/people/person/profession,4396,-1,-1,-1,4396,-1,-1,-1
371,2856,/people/person/profession,1259,-1,-1,-1,1259,-1,-1,-1
372,2862,/people/person/profession,11852,-1,-1,-1,11852,-1,-1,-1
373,2863,/people/person/profession,923,-1,-1,-1,923,-1,-1,-1
374,2864,/people/person/profession,13803,-1,-1,-1,13803,-1,-1,-1
375,2872,/people/person/profession,11863,-1,-1,-1,11863,-1,-1,-1
376,2873,/people/person/profession,636,-1,-1,-1,-1,-1,-1,-1
377,2874,/people/person/profession,4396,-1,-1,-1,4396,-1,-1,-1
378,2877,/people/person/profession,4396,-1,-1,-1,4396,-1,-1,-1
379,2881,/people/person/profession,1370,-1,-1,-1,10485,-1,-1,-1
380,2881,/people/person/profession,10485,-1,-1,-1,10485,-1,-1,-1
381,2884,/people/person/profession,4396,-1,-1,-1,4396,-1,-1,-1
382,2885,/people/person/profession,11863,-1,-1,-1,11863,-1,-1,-1
383,2887,/people/person/profession,923,-1,-1,-1,923,-1,-1,-1
384,2889,/people/person/profession,13803,-1,-1,-1,13803,-1,-1,-1
385,2902,/people/person/profession,13720,-1,-1,-1,13720,-1,-1,-1
386,2907,/people/person/profession,13720,-1,-1,-1,13720,-1,-1,-1
387,2910,/people/person/profession,733,-1,-1,-1,733,-1,-1,-1
388,2926,/people/person/profession,4510,-1,-1,-1,4510,-1,-1,-1
389,2931,/people/person/profession,10485,-1,-1,-1,13803,-1,-1,-1
390,2931,/people/person/profession,13803,-1,-1,-1,13803,-1,-1,-1
391,2938,/people/person/profession,1259,-1,-1,-1,1259,-1,-1,-1
392,2946,/people/person/profession,11852,-1,-1,-1,11852,-1,-1,-1
393,2951,/people/person/profession,1259,-1,-1,-1,1259,-1,-1,-1
394,2959,/people/person/profession,11518,-1,-1,-1,11518,-1,-1,-1
395,2968,/people/person/profession,1370,-1,-1,-1,1370,-1,-1,-1
396,2969,/people/person/profession,6121,-1,-1,-1,6121,-1,-1,-1
397,3014,/people/person/profession,923,-1,-1,-1,4396,-1,-1,-1
398,3014,/people/person/profession,4396,-1,-1,-1,4396,-1,-1,-1
399,3048,/people/person/profession,6301,-1,-1,-1,-1,-1,-1,-1
400,3051,/people/person/profession,8643,-1,-1,-1,-1,-1,-1,-1
401,3053,/people/person/profession,11518,-1,-1,-1,11518,-1,-1,-1
402,3056,/people/person/profession,4396,-1,-1,-1,10485,-1,-1,-1
403,3056,/people/person/profession,10485,-1,-1,-1,10485,-1,-1,-1
404,3065,/people/person/profession,10485,-1,-1,-1,11246,-1,-1,-1
405,3065,/people/person/profession,11246,-1,-1,-1,11246,-1,-1,-1
406,3076,/people/person/profession,4396,-1,-1,-1,4441,-1,-1,-1
407,3076,/people/person/profession,4441,-1,-1,-1,4441,-1,-1,-1
408,3085,/people/person/profession,11866,-1,-1,-1,-1,-1,-1,-1
409,3109,/people/person/profession,4396,-1,-1,-1,4396,-1,-1,-1
410,3111,/people/person/profession,4396,-1,-1,-1,4396,-1,-1,-1
411,3139,/people/person/profession,159,-1,-1,-1,-1,-1,-1,-1
412,3160,/people/person/profession,11246,-1,-1,-1,11246,-1,-1,-1
413,3179,/people/person/profession,1370,-1,-1,-1,-1,-1,-1,-1
414,3179,/people/person/profession,4403,-1,-1,-1,-1,-1,-1,-1
415,3196,/people/person/profession,1259,-1,-1,-1,1259,-1,-1,-1
416,3215,/people/person/profession,11246,-1,-1,-1,11246,-1,-1,-1
417,3250,/people/person/profession,4396,-1,-1,-1,4396,-1,-1,-1
418,3255,/people/person/profession,6121,-1,-1,-1,6121,-1,-1,-1
419,3281,/people/person/profession,923,-1,-1,-1,923,-1,-1,-1
420,3292,/people/person/profession,4396,-1,-1,-1,4396,-1,-1,-1
421,3296,/people/person/profession,13317,-1,-1,-1,13317,-1,-1,-1
422,3301,/people/person/profession,14032,-1,-1,-1,-1,-1,-1,-1
423,3307,/people/person/profession,1370,-1,-1,-1,1370,-1,-1,-1
424,3313,/people/person/profession,4396,-1,-1,-1,4396,-1,-1,-1
425,3355,/people/person/profession,4441,-1,-1,-1,4441,-1,-1,-1
426,3375,/people/person/profession,4441,-1,-1,-1,4441,-1,-1,-1
427,3387,/people/person/profession,4441,-1,-1,-1,4441,-1,-1,-1
428,3404,/people/person/profession,13803,-1,-1,-1,13803,-1,-1,-1
429,3405,/people/person/profession,10485,-1,-1,-1,10485,-1,-1,-1
430,3412,/people/person/profession,13317,-1,-1,-1,13317,-1,-1,-1
431,3424,/people/person/profession,3919,-1,-1,-1,10485,-1,-1,-1
432,3424,/people/person/profession,10485,-1,-1,-1,10485,-1,-1,-1
433,3430,/people/person/profession,11852,-1,-1,-1,11852,-1,-1,-1
434,3431,/people/person/profession,3514,-1,-1,-1,-1,-1,-1,-1
435,3441,/people/person/profession,10232,-1,-1,-1,-1,-1,-1,-1
436,3442,/people/person/profession,490,-1,-1,-1,4510,-1,-1,-1
437,3442,/people/person/profession,4510,-1,-1,-1,4510,-1,-1,-1
438,3458,/people/person/profession,10485,-1,-1,-1,10485,-1,-1,-1
439,3466,/people/person/profession,3444,-1,-1,-1,13803,-1,-1,-1
440,3466,/people/person/profession,13803,-1,-1,-1,13803,-1,-1,-1
441,3473,/people/person/profession,4396,-1,-1,-1,4396,-1,-1,-1
442,3523,/people/person/profession,1370,-1,-1,-1,1370,-1,-1,-1
443,3541,/people/person/profession,11246,-1,-1,-1,11852,-1,-1,-1
444,3541,/people/person/profession,11852,-1,-1,-1,11852,-1,-1,-1
445,3543,/people/person/profession,4510,-1,-1,-1,4510,-1,-1,-1
446,3570,/people/person/profession,4396,-1,-1,-1,4396,-1,-1,-1
447,3581,/people/person/profession,4396,-1,-1,-1,4396,-1,-1,-1
448,3582,/people/person/profession,4396,-1,-1,-1,6121,-1,-1,-1
449,3582,/people/person/profession,6121,-1,-1,-1,6121,-1,-1,-1
450,3587,/people/person/profession,1370,-1,-1,-1,1370,-1,-1,-1
451,3608,/people/person/profession,4396,-1,-1,-1,4396,-1,-1,-1
452,3617,/people/person/profession,13720,-1,-1,-1,13720,-1,-1,-1
453,3620,/people/person/profession,11852,-1,-1,-1,11852,-1,-1,-1
454,3624,/people/person/profession,8534,-1,-1,-1,-1,-1,-1,-1
455,3628,/people/person/profession,1370,-1,-1,-1,1370,-1,-1,-1
456,3639,/people/person/profession,1370,-1,-1,-1,11852,-1,-1,-1
457,3639,/people/person/profession,11852,-1,-1,-1,11852,-1,-1,-1
458,3672,/people/person/profession,4396,-1,-1,-1,4396,-1,-1,-1
459,3683,/people/person/profession,11518,-1,-1,-1,11518,-1,-1,-1
460,3712,/people/person/profession,4396,-1,-1,-1,4396,-1,-1,-1
461,3720,/people/person/profession,1370,-1,-1,-1,4510,-1,-1,-1
462,3720,/people/person/profession,4510,-1,-1,-1,4510,-1,-1,-1
463,3721,/people/person/profession,6121,-1,-1,-1,6121,-1,-1,-1
464,3729,/people/person/profession,733,-1,-1,-1,733,-1,-1,-1
465,3733,/people/person/profession,4396,-1,-1,-1,11246,-1,-1,-1
466,3733,/people/person/profession,11246,-1,-1,-1,11246,-1,-1,-1
467,3757,/people/person/profession,4396,-1,-1,-1,4396,-1,-1,-1
468,3767,/people/person/profession,733,-1,-1,-1,-1,-1,-1,-1
469,3767,/people/person/profession,3444,-1,-1,-1,-1,-1,-1,-1
470,3768,/people/person/profession,11852,-1,-1,-1,11852,-1,-1,-1
471,3769,/people/person/profession,4396,-1,-1,-1,4396,-1,-1,-1
472,3771,/people/person/profession,11852,-1,-1,-1,11852,-1,-1,-1
473,3790,/people/person/profession,4396,-1,-1,-1,4396,-1,-1,-1
474,3818,/people/person/profession,6121,-1,-1,-1,6121,-1,-1,-1
475,3829,/people/person/profession,4441,-1,-1,-1,4441,-1,-1,-1
476,3872,/people/person/profession,11852,-1,-1,-1,11852,-1,-1,-1
477,3890,/people/person/profession,10485,-1,-1,-1,13803,-1,-1,-1
478,3890,/people/person/profession,13803,-1,-1,-1,13803,-1,-1,-1
479,3916,/people/person/profession,11852,-1,-1,-1,11852,-1,-1,-1
480,3927,/people/person/profession,3444,-1,-1,-1,-1,-1,-1,-1
481,3933,/people/person/profession,1370,-1,-1,-1,1370,-1,-1,-1
482,3971,/people/person/profession,6121,-1,-1,-1,6121,-1,-1,-1
483,3986,/people/person/profession,11852,-1,-1,-1,11852,-1,-1,-1
484,4056,/people/person/profession,11863,-1,-1,-1,11863,-1,-1,-1
485,4079,/people/person/profession,733,-1,-1,-1,13803,-1,-1,-1
486,4079,/people/person/profession,13803,-1,-1,-1,13803,-1,-1,-1
487,4107,/people/person/profession,6121,-1,-1,-1,6121,-1,-1,-1
488,4114,/people/person/profession,11852,-1,-1,-1,11852,-1,-1,-1
489,4120,/people/person/profession,4396,-1,-1,-1,4396,-1,-1,-1
490,4186,/people/person/profession,326,-1,-1,-1,-1,-1,-1,-1
491,4213,/people/person/profession,1259,-1,-1,-1,1259,-1,-1,-1
492,4239,/people/person/profession,4396,-1,-1,-1,4396,-1,-1,-1
493,4262,/people/person/profession,10485,-1,-1,-1,10485,-1,-1,-1
494,4302,/people/person/profession,4396,-1,-1,-1,4396,-1,-1,-1
495,4313,/people/person/profession,1370,-1,-1,-1,1370,-1,-1,-1
496,4342,/people/person/profession,1349,-1,-1,-1,4396,-1,-1,-1
497,4342,/people/person/profession,4396,-1,-1,-1,4396,-1,-1,-1
498,4344,/people/person/profession,4396,-1,-1,-1,4396,-1,-1,-1
499,4382,/people/person/profession,4396,-1,-1,-1,4396,-1,-1,-1
500,4383,/people/person/profession,4396,-1,-1,-1,4396,-1,-1,-1
501,4413,/people/person/profession,1370,-1,-1,-1,1370,-1,-1,-1
502,4418,/people/person/profession,10485,-1,-1,-1,10485,-1,-1,-1
503,4421,/people/person/profession,1370,-1,-1,-1,1370,-1,-1,-1
504,4429,/people/person/profession,4396,-1,-1,-1,4396,-1,-1,-1
505,4435,/people/person/profession,1170,-1,-1,-1,-1,-1,-1,-1
506,4478,/people/person/profession,4396,-1,-1,-1,4396,-1,-1,-1
507,4519,/people/person/profession,11852,-1,-1,-1,11852,-1,-1,-1
508,4523,/people/person/profession,4441,-1,-1,-1,4441,-1,-1,-1
509,4532,/people/person/profession,923,-1,-1,-1,923,-1,-1,-1
510,4549,/people/person/profession,11852,-1,-1,-1,11852,-1,-1,-1
511,4553,/people/person/profession,1370,-1,-1,-1,1370,-1,-1,-1
512,4554,/people/person/profession,4396,-1,-1,-1,4396,-1,-1,-1
513,4560,/people/person/profession,3444,-1,-1,-1,-1,-1,-1,-1
514,4563,/people/person/profession,4396,-1,-1,-1,4396,-1,-1,-1
515,4566,/people/person/profession,11852,-1,-1,-1,11852,-1,-1,-1
516,4567,/people/person/profession,6121,-1,-1,-1,6121,-1,-1,-1
517,4580,/people/person/profession,4396,-1,-1,-1,4396,-1,-1,-1
518,4585,/people/person/profession,4396,-1,-1,-1,4396,-1,-1,-1
519,4602,/people/person/profession,4396,-1,-1,-1,4396,-1,-1,-1
520,4611,/people/person/profession,11852,-1,-1,-1,11852,-1,-1,-1
521,4614,/people/person/profession,4396,-1,-1,-1,4396,-1,-1,-1
522,4620,/people/person/profession,4441,-1,-1,-1,4441,-1,-1,-1
523,4636,/people/person/profession,13317,-1,-1,-1,13317,-1,-1,-1
524,4642,/people/person/profession,10485,-1,-1,-1,10485,-1,-1,-1
525,4648,/people/person/profession,10485,-1,-1,-1,10485,-1,-1,-1
526,4675,/people/person/profession,4396,-1,-1,-1,4396,-1,-1,-1
527,4676,/people/person/profession,11863,-1,-1,-1,13803,-1,-1,-1
528,4676,/people/person/profession,13803,-1,-1,-1,13803,-1,-1,-1
529,4687,/people/person/profession,4396,-1,-1,-1,4396,-1,-1,-1
530,4715,/people/person/profession,923,-1,-1,-1,923,-1,-1,-1
531,4724,/people/person/profession,1370,-1,-1,-1,1370,-1,-1,-1
532,4768,/people/person/profession,13803,-1,-1,-1,13803,-1,-1,-1
533,4773,/people/person/profession,4441,-1,-1,-1,4441,-1,-1,-1
534,4787,/people/person/profession,1259,-1,-1,-1,1259,-1,-1,-1
535,4797,/people/person/profession,10485,-1,-1,-1,10485,-1,-1,-1
536,4803,/people/person/profession,4396,-1,-1,-1,4396,-1,-1,-1
537,4818,/people/person/profession,5101,-1,-1,-1,-1,-1,-1,-1
538,4865,/people/person/profession,1030,-1,-1,-1,-1,-1,-1,-1
539,4866,/people/person/profession,4441,-1,-1,-1,4441,-1,-1,-1
540,4893,/people/person/profession,4396,-1,-1,-1,4396,-1,-1,-1
541,4919,/people/person/profession,6121,-1,-1,-1,6121,-1,-1,-1
542,4922,/people/person/profession,4441,-1,-1,-1,4441,-1,-1,-1
543,4926,/people/person/profession,11863,-1,-1,-1,11863,-1,-1,-1
544,4930,/people/person/profession,11676,-1,-1,-1,11676,-1,-1,-1
545,4931,/people/person/profession,1370,-1,-1,-1,1370,-1,-1,-1
546,5004,/people/person/profession,11863,-1,-1,-1,11863,-1,-1,-1
547,5045,/people/person/profession,1267,-1,-1,-1,-1,-1,-1,-1
548,5048,/people/person/profession,3880,-1,-1,-1,-1,-1,-1,-1
549,5068,/people/person/profession,4441,-1,-1,-1,4441,-1,-1,-1
550,5069,/people/person/profession,4396,-1,-1,-1,4396,-1,-1,-1
551,5105,/people/person/profession,4396,-1,-1,-1,4396,-1,-1,-1
552,5108,/people/person/profession,464,-1,-1,-1,-1,-1,-1,-1
553,5111,/people/person/profession,13803,-1,-1,-1,13803,-1,-1,-1
554,5112,/people/person/profession,11852,-1,-1,-1,11852,-1,-1,-1
555,5136,/people/person/profession,3676,-1,-1,-1,-1,-1,-1,-1
556,5149,/people/person/profession,159,-1,-1,-1,-1,-1,-1,-1
557,5151,/people/person/profession,4396,-1,-1,-1,4396,-1,-1,-1
558,5153,/people/person/profession,11852,-1,-1,-1,11852,-1,-1,-1
559,5157,/people/person/profession,733,-1,-1,-1,733,-1,-1,-1
560,5164,/people/person/profession,13720,-1,-1,-1,13720,-1,-1,-1
561,5173,/people/person/profession,1370,-1,-1,-1,1370,-1,-1,-1
562,5215,/people/person/profession,733,-1,-1,-1,733,-1,-1,-1
563,5226,/people/person/profession,923,-1,-1,-1,13857,-1,-1,-1
564,5226,/people/person/profession,13857,-1,-1,-1,13857,-1,-1,-1
565,5237,/people/person/profession,11863,-1,-1,-1,11863,-1,-1,-1
566,5281,/people/person/profession,13803,-1,-1,-1,13803,-1,-1,-1
567,5286,/people/person/profession,4396,-1,-1,-1,4396,-1,-1,-1
568,5301,/people/person/profession,1370,-1,-1,-1,1370,-1,-1,-1
569,5316,/people/person/profession,12486,-1,-1,-1,-1,-1,-1,-1
570,5320,/people/person/profession,11246,-1,-1,-1,11246,-1,-1,-1
571,5343,/people/person/profession,13317,-1,-1,-1,13317,-1,-1,-1
572,5366,/people/person/profession,4396,-1,-1,-1,4396,-1,-1,-1
573,5367,/people/person/profession,11863,-1,-1,-1,11863,-1,-1,-1
574,5411,/people/person/profession,6121,-1,-1,-1,6121,-1,-1,-1
575,5439,/people/person/profession,4396,-1,-1,-1,4396,-1,-1,-1
576,5444,/people/person/profession,4510,-1,-1,-1,4510,-1,-1,-1
577,5459,/people/person/profession,1370,-1,-1,-1,11852,-1,-1,-1
578,5459,/people/person/profession,4441,-1,-1,-1,11852,-1,-1,-1
579,5459,/people/person/profession,11852,-1,-1,-1,11852,-1,-1,-1
580,5464,/people/person/profession,11852,-1,-1,-1,11852,-1,-1,-1
581,5472,/people/person/profession,4396,-1,-1,-1,4396,-1,-1,-1
582,5495,/people/person/profession,4396,-1,-1,-1,4396,-1,-1,-1
583,5511,/people/person/profession,10485,-1,-1,-1,10485,-1,-1,-1
584,5548,/people/person/profession,11863,-1,-1,-1,11863,-1,-1,-1
585,5573,/people/person/profession,1370,-1,-1,-1,1370,-1,-1,-1
586,5580,/people/person/profession,4396,-1,-1,-1,4396,-1,-1,-1
587,5600,/people/person/profession,11852,-1,-1,-1,11852,-1,-1,-1
588,5615,/people/person/profession,159,-1,-1,-1,-1,-1,-1,-1
589,5635,/people/person/profession,6121,-1,-1,-1,6121,-1,-1,-1
590,5642,/people/person/profession,1370,-1,-1,-1,1370,-1,-1,-1
591,5649,/people/person/profession,1370,-1,-1,-1,1370,-1,-1,-1
592,5658,/people/person/profession,10093,-1,-1,-1,-1,-1,-1,-1
593,5661,/people/person/profession,12285,-1,-1,-1,-1,-1,-1,-1
594,5704,/people/person/profession,1370,-1,-1,-1,1370,-1,-1,-1
595,5718,/people/person/profession,1370,-1,-1,-1,1370,-1,-1,-1
596,5723,/people/person/profession,1370,-1,-1,-1,1370,-1,-1,-1
597,5726,/people/person/profession,4396,-1,-1,-1,4396,-1,-1,-1
598,5759,/people/person/profession,5823,-1,-1,-1,-1,-1,-1,-1
599,5789,/people/person/profession,4396,-1,-1,-1,4396,-1,-1,-1
600,5807,/people/person/profession,1259,-1,-1,-1,1259,-1,-1,-1
601,5813,/people/person/profession,4396,-1,-1,-1,4396,-1,-1,-1
602,5817,/people/person/profession,6121,-1,-1,-1,6121,-1,-1,-1
603,5822,/people/person/profession,8546,-1,-1,-1,-1,-1,-1,-1
604,5831,/people/person/profession,1267,-1,-1,-1,-1,-1,-1,-1
605,5854,/people/person/profession,8643,-1,-1,-1,-1,-1,-1,-1
606,5856,/people/person/profession,13317,-1,-1,-1,13317,-1,-1,-1
607,5858,/people/person/profession,4396,-1,-1,-1,4396,-1,-1,-1
608,5869,/people/person/profession,677,-1,-1,-1,-1,-1,-1,-1
609,5869,/people/person/profession,7357,-1,-1,-1,-1,-1,-1,-1
610,5905,/people/person/profession,4396,-1,-1,-1,4396,-1,-1,-1
611,5907,/people/person/profession,4441,-1,-1,-1,4441,-1,-1,-1
612,5918,/people/person/profession,7312,-1,-1,-1,-1,-1,-1,-1
613,5929,/people/person/profession,4441,-1,-1,-1,4441,-1,-1,-1
614,5936,/people/person/profession,5823,-1,-1,-1,-1,-1,-1,-1
615,5936,/people/person/profession,7312,-1,-1,-1,-1,-1,-1,-1
616,5970,/people/person/profession,11852,-1,-1,-1,11852,-1,-1,-1
617,6018,/people/person/profession,4441,-1,-1,-1,4441,-1,-1,-1
618,6020,/people/person/profession,4441,-1,-1,-1,4441,-1,-1,-1
619,6032,/people/person/profession,11518,-1,-1,-1,11518,-1,-1,-1
620,6033,/people/person/profession,1370,-1,-1,-1,1370,-1,-1,-1
621,6034,/people/person/profession,7357,-1,-1,-1,-1,-1,-1,-1
622,6035,/people/person/profession,11863,-1,-1,-1,11863,-1,-1,-1
623,6038,/people/person/profession,4510,-1,-1,-1,4510,-1,-1,-1
624,6043,/people/person/profession,4396,-1,-1,-1,4396,-1,-1,-1
625,6045,/people/person/profession,4441,-1,-1,-1,4441,-1,-1,-1
626,6046,/people/person/profession,1370,-1,-1,-1,1370,-1,-1,-1
627,6052,/people/person/profession,8581,-1,-1,-1,-1,-1,-1,-1
628,6055,/people/person/profession,6121,-1,-1,-1,6121,-1,-1,-1
629,6059,/people/person/profession,10485,-1,-1,-1,10485,-1,-1,-1
630,6060,/people/person/profession,1259,-1,-1,-1,-1,-1,-1,-1
631,6060,/people/person/profession,12113,-1,-1,-1,-1,-1,-1,-1
632,6083,/people/person/profession,4441,-1,-1,-1,4441,-1,-1,-1
633,6096,/people/person/profession,1370,-1,-1,-1,1370,-1,-1,-1
634,6099,/people/person/profession,4441,-1,-1,-1,4441,-1,-1,-1
635,6100,/people/person/profession,4396,-1,-1,-1,4396,-1,-1,-1
636,6131,/people/person/profession,4396,-1,-1,-1,4396,-1,-1,-1
637,6154,/people/person/profession,1370,-1,-1,-1,1370,-1,-1,-1
638,6158,/people/person/profession,4396,-1,-1,-1,11863,-1,-1,-1
639,6158,/people/person/profession,11863,-1,-1,-1,11863,-1,-1,-1
640,6165,/people/person/profession,10485,-1,-1,-1,10485,-1,-1,-1
641,6191,/people/person/profession,1349,-1,-1,-1,11246,-1,-1,-1
642,6191,/people/person/profession,11246,-1,-1,-1,11246,-1,-1,-1
643,6200,/people/person/profession,11852,-1,-1,-1,11852,-1,-1,-1
644,6201,/people/person/profession,1267,-1,-1,-1,4441,-1,-1,-1
645,6201,/people/person/profession,4403,-1,-1,-1,4441,-1,-1,-1
646,6201,/people/person/profession,4441,-1,-1,-1,4441,-1,-1,-1
647,6208,/people/person/profession,4396,-1,-1,-1,4396,-1,-1,-1
648,6209,/people/person/profession,10485,-1,-1,-1,10485,-1,-1,-1
649,6210,/people/person/profession,11863,-1,-1,-1,11863,-1,-1,-1
650,6215,/people/person/profession,11852,-1,-1,-1,11852,-1,-1,-1
651,6226,/people/person/profession,8643,-1,-1,-1,11246,-1,-1,-1
652,6226,/people/person/profession,11246,-1,-1,-1,11246,-1,-1,-1
653,6237,/people/person/profession,4396,-1,-1,-1,4396,-1,-1,-1
654,6251,/people/person/profession,923,-1,-1,-1,923,-1,-1,-1
655,6253,/people/person/profession,4396,-1,-1,-1,4396,-1,-1,-1
656,6262,/people/person/profession,159,-1,-1,-1,-1,-1,-1,-1
657,6263,/people/person/profession,159,-1,-1,-1,-1,-1,-1,-1
658,6313,/people/person/profession,4396,-1,-1,-1,4396,-1,-1,-1
659,6338,/people/person/profession,10485,-1,-1,-1,10485,-1,-1,-1
660,6340,/people/person/profession,4396,-1,-1,-1,4396,-1,-1,-1
661,6388,/people/person/profession,13803,-1,-1,-1,13803,-1,-1,-1
662,6392,/people/person/profession,4396,-1,-1,-1,4396,-1,-1,-1
663,6397,/people/person/profession,4441,-1,-1,-1,4441,-1,-1,-1
664,6410,/people/person/profession,4441,-1,-1,-1,4441,-1,-1,-1
665,6429,/people/person/profession,4396,-1,-1,-1,4396,-1,-1,-1
666,6449,/people/person/profession,4396,-1,-1,-1,13857,-1,-1,-1
667,6449,/people/person/profession,13857,-1,-1,-1,13857,-1,-1,-1
668,6458,/people/person/profession,4396,-1,-1,-1,4396,-1,-1,-1
669,6460,/people/person/profession,4396,-1,-1,-1,4396,-1,-1,-1
670,6463,/people/person/profession,6121,-1,-1,-1,6121,-1,-1,-1
671,6464,/people/person/profession,6121,-1,-1,-1,6121,-1,-1,-1
672,6476,/people/person/profession,4396,-1,-1,-1,4396,-1,-1,-1
673,6485,/people/person/profession,4396,-1,-1,-1,4396,-1,-1,-1
674,6501,/people/person/profession,6121,-1,-1,-1,6121,-1,-1,-1
675,6517,/people/person/profession,4441,-1,-1,-1,11246,-1,-1,-1
676,6517,/people/person/profession,11246,-1,-1,-1,11246,-1,-1,-1
677,6533,/people/person/profession,11676,-1,-1,-1,11676,-1,-1,-1
678,6535,/people/person/profession,4510,-1,-1,-1,4510,-1,-1,-1
679,6558,/people/person/profession,9133,-1,-1,-1,-1,-1,-1,-1
680,6558,/people/person/profession,12752,-1,-1,-1,-1,-1,-1,-1
681,6567,/people/person/profession,1370,-1,-1,-1,1370,-1,-1,-1
682,6568,/people/person/profession,1370,-1,-1,-1,10485,-1,-1,-1
683,6568,/people/person/profession,6121,-1,-1,-1,10485,-1,-1,-1
684,6568,/people/person/profession,10485,-1,-1,-1,10485,-1,-1,-1
685,6580,/people/person/profession,4396,-1,-1,-1,4396,-1,-1,-1
686,6607,/people/person/profession,11852,-1,-1,-1,11852,-1,-1,-1
687,6611,/people/person/profession,11592,-1,-1,-1,-1,-1,-1,-1
688,6625,/people/person/profession,11592,-1,-1,-1,-1,-1,-1,-1
689,6626,/people/person/profession,11852,-1,-1,-1,11852,-1,-1,-1
690,6642,/people/person/profession,4510,-1,-1,-1,6121,-1,-1,-1
691,6642,/people/person/profession,6121,-1,-1,-1,6121,-1,-1,-1
692,6645,/people/person/profession,4740,-1,-1,-1,-1,-1,-1,-1
693,6649,/people/person/profession,6121,-1,-1,-1,6121,-1,-1,-1
694,6650,/people/person/profession,6121,-1,-1,-1,6121,-1,-1,-1
695,6651,/people/person/profession,11852,-1,-1,-1,11852,-1,-1,-1
696,6715,/people/person/profession,4396,-1,-1,-1,6121,-1,-1,-1
697,6715,/people/person/profession,6121,-1,-1,-1,6121,-1,-1,-1
698,6727,/people/person/profession,13857,-1,-1,-1,13857,-1,-1,-1
699,6729,/people/person/profession,4510,-1,-1,-1,6121,-1,-1,-1
700,6729,/people/person/profession,6121,-1,-1,-1,6121,-1,-1,-1
701,6737,/people/person/profession,11852,-1,-1,-1,11852,-1,-1,-1
702,6746,/people/person/profession,4396,-1,-1,-1,4396,-1,-1,-1
703,6783,/people/person/profession,4396,-1,-1,-1,4396,-1,-1,-1
704,6799,/people/person/profession,13857,-1,-1,-1,13857,-1,-1,-1
705,6814,/people/person/profession,1957,-1,-1,-1,-1,-1,-1,-1
706,6833,/people/person/profession,11246,-1,-1,-1,11246,-1,-1,-1
707,6841,/people/person/profession,4441,-1,-1,-1,4441,-1,-1,-1
708,6844,/people/person/profession,7113,-1,-1,-1,-1,-1,-1,-1
709,6861,/people/person/profession,4396,-1,-1,-1,4396,-1,-1,-1
710,6892,/people/person/profession,4441,-1,-1,-1,4441,-1,-1,-1
711,6902,/people/person/profession,4510,-1,-1,-1,4510,-1,-1,-1
712,6903,/people/person/profession,12061,-1,-1,-1,-1,-1,-1,-1
713,6903,/people/person/profession,12285,-1,-1,-1,-1,-1,-1,-1
714,6906,/people/person/profession,12061,-1,-1,-1,-1,-1,-1,-1
715,6911,/people/person/profession,11246,-1,-1,-1,11246,-1,-1,-1
716,6934,/people/person/profession,1370,-1,-1,-1,1370,-1,-1,-1
717,6937,/people/person/profession,4441,-1,-1,-1,4441,-1,-1,-1
718,6940,/people/person/profession,13857,-1,-1,-1,13857,-1,-1,-1
719,6942,/people/person/profession,4396,-1,-1,-1,4396,-1,-1,-1
720,6965,/people/person/profession,1370,-1,-1,-1,1370,-1,-1,-1
721,6980,/people/person/profession,464,-1,-1,-1,4396,-1,-1,-1
722,6980,/people/person/profession,4396,-1,-1,-1,4396,-1,-1,-1
723,6982,/people/person/profession,326,-1,-1,-1,-1,-1,-1,-1
724,6990,/people/person/profession,4396,-1,-1,-1,4396,-1,-1,-1
725,6992,/people/person/profession,1370,-1,-1,-1,1370,-1,-1,-1
726,6994,/people/person/profession,4396,-1,-1,-1,4396,-1,-1,-1
727,6995,/people/person/profession,4396,-1,-1,-1,11676,-1,-1,-1
728,6995,/people/person/profession,11676,-1,-1,-1,11676,-1,-1,-1
729,7020,/people/person/profession,636,-1,-1,-1,-1,-1,-1,-1
730,7022,/people/person/profession,11518,-1,-1,-1,11518,-1,-1,-1
731,7027,/people/person/profession,1259,-1,-1,-1,-1,-1,-1,-1
732,7027,/people/person/profession,8581,-1,-1,-1,-1,-1,-1,-1
733,7032,/people/person/profession,4441,-1,-1,-1,4441,-1,-1,-1
734,7033,/people/person/profession,4396,-1,-1,-1,4396,-1,-1,-1
735,7043,/people/person/profession,11852,-1,-1,-1,11852,-1,-1,-1
736,7050,/people/person/profession,8643,-1,-1,-1,-1,-1,-1,-1
737,7058,/people/person/profession,11852,-1,-1,-1,11852,-1,-1,-1
738,7068,/people/person/profession,4396,-1,-1,-1,4396,-1,-1,-1
739,7073,/people/person/profession,4396,-1,-1,-1,4396,-1,-1,-1
740,7075,/people/person/profession,4396,-1,-1,-1,4396,-1,-1,-1
741,7080,/people/person/profession,13803,-1,-1,-1,13803,-1,-1,-1
742,7101,/people/person/profession,13857,-1,-1,-1,13857,-1,-1,-1
743,7115,/people/person/profession,4396,-1,-1,-1,4396,-1,-1,-1
744,7131,/people/person/profession,11533,-1,-1,-1,-1,-1,-1,-1
745,7182,/people/person/profession,923,-1,-1,-1,923,-1,-1,-1
746,7189,/people/person/profession,923,-1,-1,-1,923,-1,-1,-1
747,7206,/people/person/profession,1259,-1,-1,-1,11863,-1,-1,-1
748,7206,/people/person/profession,11246,-1,-1,-1,11863,-1,-1,-1
749,7206,/people/person/profession,11863,-1,-1,-1,11863,-1,-1,-1
750,7211,/people/person/profession,4396,-1,-1,-1,4396,-1,-1,-1
751,7221,/people/person/profession,13317,-1,-1,-1,13317,-1,-1,-1
752,7232,/people/person/profession,11852,-1,-1,-1,11852,-1,-1,-1
753,7238,/people/person/profession,10485,-1,-1,-1,13803,-1,-1,-1
754,7238,/people/person/profession,13803,-1,-1,-1,13803,-1,-1,-1
755,7244,/people/person/profession,10485,-1,-1,-1,10485,-1,-1,-1
756,7247,/people/person/profession,4396,-1,-1,-1,4396,-1,-1,-1
757,7251,/people/person/profession,4396,-1,-1,-1,4396,-1,-1,-1
758,7253,/people/person/profession,4396,-1,-1,-1,4396,-1,-1,-1
759,7257,/people/person/profession,7312,-1,-1,-1,-1,-1,-1,-1
760,7270,/people/person/profession,1370,-1,-1,-1,1370,-1,-1,-1
761,7272,/people/person/profession,4441,-1,-1,-1,4441,-1,-1,-1
762,7282,/people/person/profession,4396,-1,-1,-1,11246,-1,-1,-1
763,7282,/people/person/profession,11246,-1,-1,-1,11246,-1,-1,-1
764,7285,/people/person/profession,159,-1,-1,-1,-1,-1,-1,-1
765,7286,/people/person/profession,11676,-1,-1,-1,11676,-1,-1,-1
766,7297,/people/person/profession,8643,-1,-1,-1,-1,-1,-1,-1
767,7331,/people/person/profession,923,-1,-1,-1,923,-1,-1,-1
768,7359,/people/person/profession,4396,-1,-1,-1,4396,-1,-1,-1
769,7377,/people/person/profession,6121,-1,-1,-1,11852,-1,-1,-1
770,7377,/people/person/profession,11852,-1,-1,-1,11852,-1,-1,-1
771,7418,/people/person/profession,1370,-1,-1,-1,4441,-1,-1,-1
772,7418,/people/person/profession,4441,-1,-1,-1,4441,-1,-1,-1
773,7423,/people/person/profession,4510,-1,-1,-1,11852,-1,-1,-1
774,7423,/people/person/profession,11852,-1,-1,-1,11852,-1,-1,-1
775,7435,/people/person/profession,4396,-1,-1,-1,4396,-1,-1,-1
776,7474,/people/person/profession,1259,-1,-1,-1,1259,-1,-1,-1
777,7493,/people/person/profession,4396,-1,-1,-1,11852,-1,-1,-1
778,7493,/people/person/profession,11852,-1,-1,-1,11852,-1,-1,-1
779,7494,/people/person/profession,923,-1,-1,-1,13857,-1,-1,-1
780,7494,/people/person/profession,1370,-1,-1,-1,13857,-1,-1,-1
781,7494,/people/person/profession,4396,-1,-1,-1,13857,-1,-1,-1
782,7494,/people/person/profession,13857,-1,-1,-1,13857,-1,-1,-1
783,7509,/people/person/profession,10485,-1,-1,-1,-1,-1,-1,-1
784,7509,/people/person/profession,13622,-1,-1,-1,-1,-1,-1,-1
785,7533,/people/person/profession,13317,-1,-1,-1,13317,-1,-1,-1
786,7536,/people/person/profession,923,-1,-1,-1,923,-1,-1,-1
787,7537,/people/person/profession,13317,-1,-1,-1,13317,-1,-1,-1
788,7545,/people/person/profession,7312,-1,-1,-1,-1,-1,-1,-1
789,7574,/people/person/profession,10485,-1,-1,-1,10485,-1,-1,-1
790,7578,/people/person/profession,11533,-1,-1,-1,-1,-1,-1,-1
791,7581,/people/person/profession,4396,-1,-1,-1,4396,-1,-1,-1
792,7617,/people/person/profession,11852,-1,-1,-1,11852,-1,-1,-1
793,7634,/people/person/profession,1259,-1,-1,-1,1259,-1,-1,-1
794,7635,/people/person/profession,8643,-1,-1,-1,-1,-1,-1,-1
795,7670,/people/person/profession,10485,-1,-1,-1,13857,-1,-1,-1
796,7670,/people/person/profession,13857,-1,-1,-1,13857,-1,-1,-1
797,7671,/people/person/profession,10485,-1,-1,-1,10485,-1,-1,-1
798,7679,/people/person/profession,4396,-1,-1,-1,4396,-1,-1,-1
799,7683,/people/person/profession,6121,-1,-1,-1,6121,-1,-1,-1
800,7692,/people/person/profession,4396,-1,-1,-1,4396,-1,-1,-1
801,7711,/people/person/profession,4396,-1,-1,-1,13317,-1,-1,-1
802,7711,/people/person/profession,13317,-1,-1,-1,13317,-1,-1,-1
803,7714,/people/person/profession,1370,-1,-1,-1,1370,-1,-1,-1
804,7740,/people/person/profession,12113,-1,-1,-1,-1,-1,-1,-1
805,7742,/people/person/profession,4510,-1,-1,-1,4510,-1,-1,-1
806,7746,/people/person/profession,4396,-1,-1,-1,4396,-1,-1,-1
807,7767,/people/person/profession,11852,-1,-1,-1,11852,-1,-1,-1
808,7782,/people/person/profession,12061,-1,-1,-1,-1,-1,-1,-1
809,7785,/people/person/profession,11246,-1,-1,-1,11246,-1,-1,-1
810,7789,/people/person/profession,1259,-1,-1,-1,11863,-1,-1,-1
811,7789,/people/person/profession,10485,-1,-1,-1,11863,-1,-1,-1
812,7789,/people/person/profession,11863,-1,-1,-1,11863,-1,-1,-1
813,7795,/people/person/profession,4396,-1,-1,-1,4396,-1,-1,-1
814,7800,/people/person/profession,11852,-1,-1,-1,11852,-1,-1,-1
815,7815,/people/person/profession,4396,-1,-1,-1,11852,-1,-1,-1
816,7815,/people/person/profession,11246,-1,-1,-1,11852,-1,-1,-1
817,7815,/people/person/profession,11852,-1,-1,-1,11852,-1,-1,-1
818,7828,/people/person/profession,4396,-1,-1,-1,13857,-1,-1,-1
819,7828,/people/person/profession,13857,-1,-1,-1,13857,-1,-1,-1
820,7832,/people/person/profession,13317,-1,-1,-1,13317,-1,-1,-1
821,7838,/people/person/profession,1267,-1,-1,-1,-1,-1,-1,-1
822,7847,/people/person/profession,4396,-1,-1,-1,4396,-1,-1,-1
823,7859,/people/person/profession,4396,-1,-1,-1,4396,-1,-1,-1
824,7865,/people/person/profession,10485,-1,-1,-1,11863,-1,-1,-1
825,7865,/people/person/profession,11863,-1,-1,-1,11863,-1,-1,-1
826,7892,/people/person/profession,4510,-1,-1,-1,11246,-1,-1,-1
827,7892,/people/person/profession,11246,-1,-1,-1,11246,-1,-1,-1
828,7916,/people/person/profession,1259,-1,-1,-1,1259,-1,-1,-1
829,7926,/people/person/profession,1370,-1,-1,-1,1370,-1,-1,-1
830,7934,/people/person/profession,10093,-1,-1,-1,-1,-1,-1,-1
831,7936,/people/person/profession,13317,-1,-1,-1,13317,-1,-1,-1
832,7946,/people/person/profession,11852,-1,-1,-1,11852,-1,-1,-1
833,7947,/people/person/profession,3919,-1,-1,-1,13803,-1,-1,-1
834,7947,/people/person/profession,10485,-1,-1,-1,13803,-1,-1,-1
835,7947,/people/person/profession,13803,-1,-1,-1,13803,-1,-1,-1
836,7959,/people/person/profession,1370,-1,-1,-1,-1,-1,-1,-1
837,7959,/people/person/profession,2591,-1,-1,-1,-1,-1,-1,-1
838,7993,/people/person/profession,5823,-1,-1,-1,10485,-1,-1,-1
839,7993,/people/person/profession,10485,-1,-1,-1,10485,-1,-1,-1
840,8002,/people/person/profession,1370,-1,-1,-1,1370,-1,-1,-1
841,8035,/people/person/profession,13857,-1,-1,-1,13857,-1,-1,-1
842,8037,/people/person/profession,10093,-1,-1,-1,-1,-1,-1,-1
843,8049,/people/person/profession,11852,-1,-1,-1,13317,-1,-1,-1
844,8049,/people/person/profession,13317,-1,-1,-1,13317,-1,-1,-1
845,8053,/people/person/profession,1957,-1,-1,-1,-1,-1,-1,-1
846,8068,/people/person/profession,4396,-1,-1,-1,4396,-1,-1,-1
847,8071,/people/person/profession,923,-1,-1,-1,923,-1,-1,-1
848,8073,/people/person/profession,1370,-1,-1,-1,4441,-1,-1,-1
849,8073,/people/person/profession,4441,-1,-1,-1,4441,-1,-1,-1
850,8087,/people/person/profession,1370,-1,-1,-1,1370,-1,-1,-1
851,8092,/people/person/profession,9133,-1,-1,-1,-1,-1,-1,-1
852,8159,/people/person/profession,1370,-1,-1,-1,13317,-1,-1,-1
853,8159,/people/person/profession,4441,-1,-1,-1,13317,-1,-1,-1
854,8159,/people/person/profession,10485,-1,-1,-1,13317,-1,-1,-1
855,8159,/people/person/profession,11246,-1,-1,-1,13317,-1,-1,-1
856,8159,/people/person/profession,13317,-1,-1,-1,13317,-1,-1,-1
857,8178,/people/person/profession,4510,-1,-1,-1,4510,-1,-1,-1
858,8198,/people/person/profession,4396,-1,-1,-1,4396,-1,-1,-1
859,8203,/people/person/profession,4441,-1,-1,-1,4441,-1,-1,-1
860,8222,/people/person/profession,1269,-1,-1,-1,-1,-1,-1,-1
861,8234,/people/person/profession,4441,-1,-1,-1,4441,-1,-1,-1
862,8247,/people/person/profession,4396,-1,-1,-1,4396,-1,-1,-1
863,8283,/people/person/profession,1370,-1,-1,-1,1370,-1,-1,-1
864,8289,/people/person/profession,4396,-1,-1,-1,4396,-1,-1,-1
865,8293,/people/person/profession,1370,-1,-1,-1,1370,-1,-1,-1
866,8294,/people/person/profession,464,-1,-1,-1,1370,-1,-1,-1
867,8294,/people/person/profession,1370,-1,-1,-1,1370,-1,-1,-1
868,8317,/people/person/profession,13317,-1,-1,-1,13317,-1,-1,-1
869,8352,/people/person/profession,4396,-1,-1,-1,4396,-1,-1,-1
870,8360,/people/person/profession,4396,-1,-1,-1,4396,-1,-1,-1
871,8364,/people/person/profession,4510,-1,-1,-1,6121,-1,-1,-1
872,8364,/people/person/profession,6121,-1,-1,-1,6121,-1,-1,-1
873,8371,/people/person/profession,11246,-1,-1,-1,11246,-1,-1,-1
874,8376,/people/person/profession,159,-1,-1,-1,-1,-1,-1,-1
875,8391,/people/person/profession,4396,-1,-1,-1,13857,-1,-1,-1
876,8391,/people/person/profession,13857,-1,-1,-1,13857,-1,-1,-1
877,8396,/people/person/profession,13803,-1,-1,-1,13803,-1,-1,-1
878,8401,/people/person/profession,923,-1,-1,-1,923,-1,-1,-1
879,8411,/people/person/profession,6121,-1,-1,-1,6121,-1,-1,-1
880,8434,/people/person/profession,4396,-1,-1,-1,4396,-1,-1,-1
881,8451,/people/person/profession,11246,-1,-1,-1,11852,-1,-1,-1
882,8451,/people/person/profession,11852,-1,-1,-1,11852,-1,-1,-1
883,8455,/people/person/profession,11852,-1,-1,-1,11852,-1,-1,-1
884,8465,/people/person/profession,3444,-1,-1,-1,-1,-1,-1,-1
885,8486,/people/person/profession,11852,-1,-1,-1,11852,-1,-1,-1
886,8531,/people/person/profession,4441,-1,-1,-1,4441,-1,-1,-1
887,8561,/people/person/profession,4396,-1,-1,-1,13857,-1,-1,-1
888,8561,/people/person/profession,13857,-1,-1,-1,13857,-1,-1,-1
889,8562,/people/person/profession,4441,-1,-1,-1,4441,-1,-1,-1
890,8563,/people/person/profession,4396,-1,-1,-1,4396,-1,-1,-1
891,8574,/people/person/profession,11518,-1,-1,-1,11518,-1,-1,-1
892,8577,/people/person/profession,1030,-1,-1,-1,-1,-1,-1,-1
893,8585,/people/person/profession,4441,-1,-1,-1,4441,-1,-1,-1
894,8590,/people/person/profession,4396,-1,-1,-1,4396,-1,-1,-1
895,8594,/people/person/profession,11852,-1,-1,-1,11852,-1,-1,-1
896,8595,/people/person/profession,923,-1,-1,-1,923,-1,-1,-1
897,8623,/people/person/profession,11852,-1,-1,-1,11852,-1,-1,-1
898,8640,/people/person/profession,13857,-1,-1,-1,13857,-1,-1,-1
899,8653,/people/person/profession,13857,-1,-1,-1,13857,-1,-1,-1
900,8696,/people/person/profession,11246,-1,-1,-1,11246,-1,-1,-1
901,8697,/people/person/profession,4396,-1,-1,-1,4396,-1,-1,-1
902,8711,/people/person/profession,12061,-1,-1,-1,-1,-1,-1,-1
903,8733,/people/person/profession,4396,-1,-1,-1,11852,-1,-1,-1
904,8733,/people/person/profession,11852,-1,-1,-1,11852,-1,-1,-1
905,8734,/people/person/profession,1370,-1,-1,-1,11246,-1,-1,-1
906,8734,/people/person/profession,11246,-1,-1,-1,11246,-1,-1,-1
907,8741,/people/person/profession,11246,-1,-1,-1,11246,-1,-1,-1
908,8758,/people/person/profession,11852,-1,-1,-1,11852,-1,-1,-1
909,8767,/people/person/profession,4396,-1,-1,-1,4441,-1,-1,-1
910,8767,/people/person/profession,4441,-1,-1,-1,4441,-1,-1,-1
911,8775,/people/person/profession,4396,-1,-1,-1,4396,-1,-1,-1
912,8779,/people/person/profession,4396,-1,-1,-1,-1,-1,-1,-1
913,8779,/people/person/profession,7430,-1,-1,-1,-1,-1,-1,-1
914,8802,/people/person/profession,1370,-1,-1,-1,1370,-1,-1,-1
915,8818,/people/person/profession,11518,-1,-1,-1,11518,-1,-1,-1
916,8827,/people/person/profession,13317,-1,-1,-1,13317,-1,-1,-1
917,8831,/people/person/profession,4441,-1,-1,-1,4441,-1,-1,-1
918,8840,/people/person/profession,11676,-1,-1,-1,11676,-1,-1,-1
919,8845,/people/person/profession,4441,-1,-1,-1,4441,-1,-1,-1
920,8848,/people/person/profession,326,-1,-1,-1,-1,-1,-1,-1
921,8850,/people/person/profession,4396,-1,-1,-1,4396,-1,-1,-1
922,8854,/people/person/profession,13803,-1,-1,-1,13803,-1,-1,-1
923,8858,/people/person/profession,4396,-1,-1,-1,4396,-1,-1,-1
924,8869,/people/person/profession,923,-1,-1,-1,923,-1,-1,-1
925,8873,/people/person/profession,11852,-1,-1,-1,11852,-1,-1,-1
926,8877,/people/person/profession,11246,-1,-1,-1,11246,-1,-1,-1
927,8942,/people/person/profession,10485,-1,-1,-1,10485,-1,-1,-1
928,8963,/people/person/profession,13857,-1,-1,-1,13857,-1,-1,-1
929,8966,/people/person/profession,5823,-1,-1,-1,13803,-1,-1,-1
930,8966,/people/person/profession,13803,-1,-1,-1,13803,-1,-1,-1
931,8971,/people/person/profession,4396,-1,-1,-1,4396,-1,-1,-1
932,8983,/people/person/profession,11246,-1,-1,-1,11246,-1,-1,-1
933,8986,/people/person/profession,11246,-1,-1,-1,11246,-1,-1,-1
934,8989,/people/person/profession,6121,-1,-1,-1,6121,-1,-1,-1
935,8992,/people/person/profession,6121,-1,-1,-1,6121,-1,-1,-1
936,8998,/people/person/profession,8643,-1,-1,-1,-1,-1,-1,-1
937,9003,/people/person/profession,11246,-1,-1,-1,11246,-1,-1,-1
938,9007,/people/person/profession,10485,-1,-1,-1,10485,-1,-1,-1
939,9011,/people/person/profession,4396,-1,-1,-1,4396,-1,-1,-1
940,9018,/people/person/profession,1370,-1,-1,-1,1370,-1,-1,-1
941,9029,/people/person/profession,4441,-1,-1,-1,4441,-1,-1,-1
942,9041,/people/person/profession,4396,-1,-1,-1,4396,-1,-1,-1
943,9043,/people/person/profession,4396,-1,-1,-1,4396,-1,-1,-1
944,9053,/people/person/profession,5823,-1,-1,-1,-1,-1,-1,-1
945,9082,/people/person/profession,8546,-1,-1,-1,-1,-1,-1,-1
946,9087,/people/person/profession,4396,-1,-1,-1,4396,-1,-1,-1
947,9093,/people/person/profession,4441,-1,-1,-1,4441,-1,-1,-1
948,9111,/people/person/profession,11676,-1,-1,-1,11676,-1,-1,-1
949,9114,/people/person/profession,923,-1,-1,-1,11852,-1,-1,-1
950,9114,/people/person/profession,11852,-1,-1,-1,11852,-1,-1,-1
951,9117,/people/person/profession,11852,-1,-1,-1,11852,-1,-1,-1
952,9142,/people/person/profession,1370,-1,-1,-1,1370,-1,-1,-1
953,9162,/people/person/profession,1259,-1,-1,-1,1259,-1,-1,-1
954,9173,/people/person/profession,11852,-1,-1,-1,11852,-1,-1,-1
955,9186,/people/person/profession,733,-1,-1,-1,733,-1,-1,-1
956,9192,/people/person/profession,1370,-1,-1,-1,1370,-1,-1,-1
957,9202,/people/person/profession,4441,-1,-1,-1,11676,-1,-1,-1
958,9202,/people/person/profession,11676,-1,-1,-1,11676,-1,-1,-1
959,9206,/people/person/profession,13857,-1,-1,-1,13857,-1,-1,-1
960,9220,/people/person/profession,10475,-1,-1,-1,-1,-1,-1,-1
961,9228,/people/person/profession,1370,-1,-1,-1,1370,-1,-1,-1
962,9246,/people/person/profession,1259,-1,-1,-1,1259,-1,-1,-1
963,9267,/people/person/profession,11852,-1,-1,-1,11852,-1,-1,-1
964,9271,/people/person/profession,636,-1,-1,-1,-1,-1,-1,-1
965,9271,/people/person/profession,9674,-1,-1,-1,-1,-1,-1,-1
966,9274,/people/person/profession,159,-1,-1,-1,-1,-1,-1,-1
967,9288,/people/person/profession,11852,-1,-1,-1,11852,-1,-1,-1
968,9296,/people/person/profession,11852,-1,-1,-1,11852,-1,-1,-1
969,9319,/people/person/profession,4441,-1,-1,-1,6121,-1,-1,-1
970,9319,/people/person/profession,6121,-1,-1,-1,6121,-1,-1,-1
971,9321,/people/person/profession,11852,-1,-1,-1,11852,-1,-1,-1
972,9338,/people/person/profession,6121,-1,-1,-1,6121,-1,-1,-1
973,9359,/people/person/profession,4396,-1,-1,-1,4396,-1,-1,-1
974,9378,/people/person/profession,1370,-1,-1,-1,1370,-1,-1,-1
975,9379,/people/person/profession,4396,-1,-1,-1,4396,-1,-1,-1
976,9380,/people/person/profession,733,-1,-1,-1,4396,-1,-1,-1
977,9380,/people/person/profession,4396,-1,-1,-1,4396,-1,-1,-1
978,9426,/people/person/profession,11852,-1,-1,-1,11852,-1,-1,-1
979,9453,/people/person/profession,4396,-1,-1,-1,4396,-1,-1,-1
980,9462,/people/person/profession,4441,-1,-1,-1,4441,-1,-1,-1
981,9488,/people/person/profession,1267,-1,-1,-1,-1,-1,-1,-1
982,9500,/people/person/profession,6121,-1,-1,-1,6121,-1,-1,-1
983,9505,/people/person/profession,6121,-1,-1,-1,6121,-1,-1,-1
984,9537,/people/person/profession,7357,-1,-1,-1,-1,-1,-1,-1
985,9550,/people/person/profession,490,-1,-1,-1,-1,-1,-1,-1
986,9551,/people/person/profession,11852,-1,-1,-1,11852,-1,-1,-1
987,9553,/people/person/profession,1370,-1,-1,-1,1370,-1,-1,-1
988,9576,/people/person/profession,1370,-1,-1,-1,1370,-1,-1,-1
989,9581,/people/person/profession,4403,-1,-1,-1,-1,-1,-1,-1
990,9592,/people/person/profession,4396,-1,-1,-1,4396,-1,-1,-1
991,9601,/people/person/profession,13317,-1,-1,-1,13317,-1,-1,-1
992,9608,/people/person/profession,11852,-1,-1,-1,11852,-1,-1,-1
993,9620,/people/person/profession,4396,-1,-1,-1,4396,-1,-1,-1
994,9627,/people/person/profession,4441,-1,-1,-1,4441,-1,-1,-1
995,9645,/people/person/profession,8546,-1,-1,-1,-1,-1,-1,-1
996,9671,/people/person/profession,4510,-1,-1,-1,4510,-1,-1,-1
997,9681,/people/person/profession,12486,-1,-1,-1,-1,-1,-1,-1
998,9683,/people/person/profession,4396,-1,-1,-1,4396,-1,-1,-1
999,9731,/people/person/profession,10485,-1,-1,-1,10485,-1,-1,-1
1000,9735,/people/person/profession,733,-1,-1,-1,11852,-1,-1,-1
1001,9735,/people/person/profession,11852,-1,-1,-1,11852,-1,-1,-1
1002,9739,/people/person/profession,11852,-1,-1,-1,11852,-1,-1,-1
1003,9744,/people/person/profession,923,-1,-1,-1,923,-1,-1,-1
1004,9746,/people/person/profession,4396,-1,-1,-1,4396,-1,-1,-1
1005,9751,/people/person/profession,1259,-1,-1,-1,1259,-1,-1,-1
1006,9816,/people/person/profession,4396,-1,-1,-1,4396,-1,-1,-1
1007,9913,/people/person/profession,13317,-1,-1,-1,13317,-1,-1,-1
1008,9924,/people/person/profession,4396,-1,-1,-1,4396,-1,-1,-1
1009,9931,/people/person/profession,4396,-1,-1,-1,4396,-1,-1,-1
1010,9938,/people/person/profession,11246,-1,-1,-1,11246,-1,-1,-1
1011,9943,/people/person/profession,4396,-1,-1,-1,4396,-1,-1,-1
1012,9946,/people/person/profession,4396,-1,-1,-1,4396,-1,-1,-1
1013,9947,/people/person/profession,10485,-1,-1,-1,10485,-1,-1,-1
1014,9974,/people/person/profession,10347,-1,-1,-1,-1,-1,-1,-1
1015,9975,/people/person/profession,13622,-1,-1,-1,-1,-1,-1,-1
1016,9980,/people/person/profession,11863,-1,-1,-1,11863,-1,-1,-1
1017,9986,/people/person/profession,12061,-1,-1,-1,-1,-1,-1,-1
1018,9993,/people/person/profession,4396,-1,-1,-1,4396,-1,-1,-1
1019,10010,/people/person/profession,4204,-1,-1,-1,-1,-1,-1,-1
1020,10014,/people/person/profession,11676,-1,-1,-1,11676,-1,-1,-1
1021,10018,/people/person/profession,11246,-1,-1,-1,11246,-1,-1,-1
1022,10022,/people/person/profession,11246,-1,-1,-1,11246,-1,-1,-1
1023,10023,/people/person/profession,11246,-1,-1,-1,11246,-1,-1,-1
1024,10035,/people/person/profession,11852,-1,-1,-1,11852,-1,-1,-1
1025,10037,/people/person/profession,1370,-1,-1,-1,1370,-1,-1,-1
1026,10050,/people/person/profession,11852,-1,-1,-1,11852,-1,-1,-1
1027,10120,/people/person/profession,4510,-1,-1,-1,4510,-1,-1,-1
1028,10124,/people/person/profession,4396,-1,-1,-1,4396,-1,-1,-1
1029,10125,/people/person/profession,6121,-1,-1,-1,6121,-1,-1,-1
1030,10126,/people/person/profession,2995,-1,-1,-1,-1,-1,-1,-1
1031,10139,/people/person/profession,4396,-1,-1,-1,4396,-1,-1,-1
1032,10141,/people/person/profession,4510,-1,-1,-1,4510,-1,-1,-1
1033,10168,/people/person/profession,11676,-1,-1,-1,11676,-1,-1,-1
1034,10170,/people/person/profession,11852,-1,-1,-1,11852,-1,-1,-1
1035,10187,/people/person/profession,4510,-1,-1,-1,11852,-1,-1,-1
1036,10187,/people/person/profession,11852,-1,-1,-1,11852,-1,-1,-1
1037,10222,/people/person/profession,4510,-1,-1,-1,4510,-1,-1,-1
1038,10238,/people/person/profession,4510,-1,-1,-1,4510,-1,-1,-1
1039,10239,/people/person/profession,6121,-1,-1,-1,6121,-1,-1,-1
1040,10246,/people/person/profession,4396,-1,-1,-1,4396,-1,-1,-1
1041,10261,/people/person/profession,11310,-1,-1,-1,-1,-1,-1,-1
1042,10274,/people/person/profession,7357,-1,-1,-1,-1,-1,-1,-1
1043,10283,/people/person/profession,13803,-1,-1,-1,13803,-1,-1,-1
1044,10295,/people/person/profession,5101,-1,-1,-1,-1,-1,-1,-1
1045,10298,/people/person/profession,4441,-1,-1,-1,4441,-1,-1,-1
1046,10320,/people/person/profession,733,-1,-1,-1,733,-1,-1,-1
1047,10321,/people/person/profession,6121,-1,-1,-1,6121,-1,-1,-1
1048,10324,/people/person/profession,4403,-1,-1,-1,-1,-1,-1,-1
1049,10343,/people/person/profession,1370,-1,-1,-1,1370,-1,-1,-1
1050,10361,/people/person/profession,490,-1,-1,-1,-1,-1,-1,-1
1051,10408,/people/person/profession,1370,-1,-1,-1,1370,-1,-1,-1
1052,10437,/people/person/profession,4396,-1,-1,-1,4441,-1,-1,-1
1053,10437,/people/person/profession,4441,-1,-1,-1,4441,-1,-1,-1
1054,10447,/people/person/profession,1370,-1,-1,-1,1370,-1,-1,-1
1055,10462,/people/person/profession,1030,-1,-1,-1,11852,-1,-1,-1
1056,10462,/people/person/profession,6121,-1,-1,-1,11852,-1,-1,-1
1057,10462,/people/person/profession,11852,-1,-1,-1,11852,-1,-1,-1
1058,10478,/people/person/profession,11246,-1,-1,-1,13317,-1,-1,-1
1059,10478,/people/person/profession,13317,-1,-1,-1,13317,-1,-1,-1
1060,10508,/people/person/profession,4396,-1,-1,-1,4396,-1,-1,-1
1061,10510,/people/person/profession,12486,-1,-1,-1,-1,-1,-1,-1
1062,10538,/people/person/profession,4441,-1,-1,-1,4441,-1,-1,-1
1063,10540,/people/person/profession,4510,-1,-1,-1,4510,-1,-1,-1
1064,10553,/people/person/profession,1370,-1,-1,-1,1370,-1,-1,-1
1065,10568,/people/person/profession,11852,-1,-1,-1,11852,-1,-1,-1
1066,10585,/people/person/profession,12486,-1,-1,-1,-1,-1,-1,-1
1067,10588,/people/person/profession,733,-1,-1,-1,733,-1,-1,-1
1068,10591,/people/person/profession,13803,-1,-1,-1,13803,-1,-1,-1
1069,10613,/people/person/profession,11863,-1,-1,-1,11863,-1,-1,-1
1070,10615,/people/person/profession,11852,-1,-1,-1,11852,-1,-1,-1
1071,10627,/people/person/profession,4396,-1,-1,-1,4396,-1,-1,-1
1072,10669,/people/person/profession,4441,-1,-1,-1,4441,-1,-1,-1
1073,10670,/people/person/profession,11852,-1,-1,-1,11852,-1,-1,-1
1074,10687,/people/person/profession,4396,-1,-1,-1,6121,-1,-1,-1
1075,10687,/people/person/profession,6121,-1,-1,-1,6121,-1,-1,-1
1076,10726,/people/person/profession,4441,-1,-1,-1,4441,-1,-1,-1
1077,10730,/people/person/profession,8534,-1,-1,-1,-1,-1,-1,-1
1078,10737,/people/person/profession,6121,-1,-1,-1,6121,-1,-1,-1
1079,10760,/people/person/profession,1370,-1,-1,-1,1370,-1,-1,-1
1080,10765,/people/person/profession,4396,-1,-1,-1,4441,-1,-1,-1
1081,10765,/people/person/profession,4441,-1,-1,-1,4441,-1,-1,-1
1082,10777,/people/person/profession,5101,-1,-1,-1,-1,-1,-1,-1
1083,10786,/people/person/profession,10690,-1,-1,-1,-1,-1,-1,-1
1084,10787,/people/person/profession,4510,-1,-1,-1,6121,-1,-1,-1
1085,10787,/people/person/profession,6121,-1,-1,-1,6121,-1,-1,-1
1086,10788,/people/person/profession,11246,-1,-1,-1,11246,-1,-1,-1
1087,10792,/people/person/profession,8534,-1,-1,-1,-1,-1,-1,-1
1088,10799,/people/person/profession,4441,-1,-1,-1,4441,-1,-1,-1
1089,10825,/people/person/profession,1370,-1,-1,-1,1370,-1,-1,-1
1090,10826,/people/person/profession,12061,-1,-1,-1,-1,-1,-1,-1
1091,10828,/people/person/profession,1370,-1,-1,-1,6121,-1,-1,-1
1092,10828,/people/person/profession,6121,-1,-1,-1,6121,-1,-1,-1
1093,10830,/people/person/profession,1370,-1,-1,-1,1370,-1,-1,-1
1094,10907,/people/person/profession,11518,-1,-1,-1,11518,-1,-1,-1
1095,10914,/people/person/profession,4396,-1,-1,-1,4396,-1,-1,-1
1096,10921,/people/person/profession,13720,-1,-1,-1,13720,-1,-1,-1
1097,10961,/people/person/profession,4396,-1,-1,-1,4396,-1,-1,-1
1098,10981,/people/person/profession,13317,-1,-1,-1,13317,-1,-1,-1
1099,10985,/people/person/profession,4396,-1,-1,-1,4396,-1,-1,-1
1100,10997,/people/person/profession,4441,-1,-1,-1,4441,-1,-1,-1
1101,11013,/people/person/profession,11852,-1,-1,-1,11852,-1,-1,-1
1102,11030,/people/person/profession,6121,-1,-1,-1,6121,-1,-1,-1
1103,11036,/people/person/profession,3880,-1,-1,-1,-1,-1,-1,-1
1104,11038,/people/person/profession,2203,-1,-1,-1,-1,-1,-1,-1
1105,11079,/people/person/profession,11852,-1,-1,-1,11852,-1,-1,-1
1106,11090,/people/person/profession,10485,-1,-1,-1,10485,-1,-1,-1
1107,11111,/people/person/profession,1370,-1,-1,-1,1370,-1,-1,-1
1108,11133,/people/person/profession,1370,-1,-1,-1,1370,-1,-1,-1
1109,11134,/people/person/profession,159,-1,-1,-1,-1,-1,-1,-1
1110,11141,/people/person/profession,11852,-1,-1,-1,11852,-1,-1,-1
1111,11158,/people/person/profession,11852,-1,-1,-1,11852,-1,-1,-1
1112,11174,/people/person/profession,8643,-1,-1,-1,11852,-1,-1,-1
1113,11174,/people/person/profession,11246,-1,-1,-1,11852,-1,-1,-1
1114,11174,/people/person/profession,11852,-1,-1,-1,11852,-1,-1,-1
1115,11186,/people/person/profession,13317,-1,-1,-1,13317,-1,-1,-1
1116,11213,/people/person/profession,490,-1,-1,-1,1370,-1,-1,-1
1117,11213,/people/person/profession,1370,-1,-1,-1,1370,-1,-1,-1
1118,11218,/people/person/profession,11592,-1,-1,-1,-1,-1,-1,-1
1119,11220,/people/person/profession,1370,-1,-1,-1,1370,-1,-1,-1
1120,11236,/people/person/profession,13317,-1,-1,-1,13317,-1,-1,-1
1121,11248,/people/person/profession,636,-1,-1,-1,-1,-1,-1,-1
1122,11294,/people/person/profession,4396,-1,-1,-1,4396,-1,-1,-1
1123,11301,/people/person/profession,13803,-1,-1,-1,13803,-1,-1,-1
1124,11323,/people/person/profession,11852,-1,-1,-1,11852,-1,-1,-1
1125,11326,/people/person/profession,10485,-1,-1,-1,10485,-1,-1,-1
1126,11342,/people/person/profession,8581,-1,-1,-1,-1,-1,-1,-1
1127,11347,/people/person/profession,13857,-1,-1,-1,13857,-1,-1,-1
1128,11358,/people/person/profession,4396,-1,-1,-1,4396,-1,-1,-1
1129,11366,/people/person/profession,4441,-1,-1,-1,4441,-1,-1,-1
1130,11390,/people/person/profession,4396,-1,-1,-1,6121,-1,-1,-1
1131,11390,/people/person/profession,6121,-1,-1,-1,6121,-1,-1,-1
1132,11426,/people/person/profession,4510,-1,-1,-1,4510,-1,-1,-1
1133,11480,/people/person/profession,3444,-1,-1,-1,-1,-1,-1,-1
1134,11492,/people/person/profession,4396,-1,-1,-1,4396,-1,-1,-1
1135,11508,/people/person/profession,3444,-1,-1,-1,10485,-1,-1,-1
1136,11508,/people/person/profession,4403,-1,-1,-1,10485,-1,-1,-1
1137,11508,/people/person/profession,10485,-1,-1,-1,10485,-1,-1,-1
1138,11546,/people/person/profession,12486,-1,-1,-1,-1,-1,-1,-1
1139,11549,/people/person/profession,12061,-1,-1,-1,-1,-1,-1,-1
1140,11552,/people/person/profession,11852,-1,-1,-1,11852,-1,-1,-1
1141,11570,/people/person/profession,4396,-1,-1,-1,4396,-1,-1,-1
1142,11698,/people/person/profession,10347,-1,-1,-1,-1,-1,-1,-1
1143,11710,/people/person/profession,12486,-1,-1,-1,-1,-1,-1,-1
1144,11711,/people/person/profession,4396,-1,-1,-1,4396,-1,-1,-1
1145,11718,/people/person/profession,13803,-1,-1,-1,13803,-1,-1,-1
1146,11743,/people/person/profession,1370,-1,-1,-1,1370,-1,-1,-1
1147,11744,/people/person/profession,13857,-1,-1,-1,13857,-1,-1,-1
1148,11766,/people/person/profession,1269,-1,-1,-1,13317,-1,-1,-1
1149,11766,/people/person/profession,13317,-1,-1,-1,13317,-1,-1,-1
1150,11810,/people/person/profession,1370,-1,-1,-1,1370,-1,-1,-1
1151,11811,/people/person/profession,733,-1,-1,-1,733,-1,-1,-1
1152,11815,/people/person/profession,4403,-1,-1,-1,-1,-1,-1,-1
1153,11831,/people/person/profession,11863,-1,-1,-1,11863,-1,-1,-1
1154,11864,/people/person/profession,13317,-1,-1,-1,13317,-1,-1,-1
1155,11869,/people/person/profession,4396,-1,-1,-1,13857,-1,-1,-1
1156,11869,/people/person/profession,13857,-1,-1,-1,13857,-1,-1,-1
1157,11888,/people/person/profession,1259,-1,-1,-1,4396,-1,-1,-1
1158,11888,/people/person/profession,3919,-1,-1,-1,4396,-1,-1,-1
1159,11888,/people/person/profession,4396,-1,-1,-1,4396,-1,-1,-1
1160,11892,/people/person/profession,4396,-1,-1,-1,-1,-1,-1,-1
1161,11892,/people/person/profession,13429,-1,-1,-1,-1,-1,-1,-1
1162,11903,/people/person/profession,11852,-1,-1,-1,11852,-1,-1,-1
1163,11943,/people/person/profession,11246,-1,-1,-1,11246,-1,-1,-1
1164,11963,/people/person/profession,4396,-1,-1,-1,4396,-1,-1,-1
1165,11973,/people/person/profession,4441,-1,-1,-1,4441,-1,-1,-1
1166,11991,/people/person/profession,1259,-1,-1,-1,11246,-1,-1,-1
1167,11991,/people/person/profession,11246,-1,-1,-1,11246,-1,-1,-1
1168,12031,/people/person/profession,11852,-1,-1,-1,13317,-1,-1,-1
1169,12031,/people/person/profession,13317,-1,-1,-1,13317,-1,-1,-1
1170,12033,/people/person/profession,13720,-1,-1,-1,13720,-1,-1,-1
1171,12055,/people/person/profession,4396,-1,-1,-1,4396,-1,-1,-1
1172,12123,/people/person/profession,5823,-1,-1,-1,-1,-1,-1,-1
1173,12134,/people/person/profession,8643,-1,-1,-1,-1,-1,-1,-1
1174,12147,/people/person/profession,4740,-1,-1,-1,-1,-1,-1,-1
1175,12195,/people/person/profession,5345,-1,-1,-1,-1,-1,-1,-1
1176,12199,/people/person/profession,13857,-1,-1,-1,13857,-1,-1,-1
1177,12209,/people/person/profession,12113,-1,-1,-1,-1,-1,-1,-1
1178,12248,/people/person/profession,13317,-1,-1,-1,13317,-1,-1,-1
1179,12255,/people/person/profession,4396,-1,-1,-1,11246,-1,-1,-1
1180,12255,/people/person/profession,11246,-1,-1,-1,11246,-1,-1,-1
1181,12298,/people/person/profession,4396,-1,-1,-1,4396,-1,-1,-1
1182,12323,/people/person/profession,4510,-1,-1,-1,-1,-1,-1,-1
1183,12323,/people/person/profession,4740,-1,-1,-1,-1,-1,-1,-1
1184,12332,/people/person/profession,11246,-1,-1,-1,11246,-1,-1,-1
1185,12362,/people/person/profession,13720,-1,-1,-1,13720,-1,-1,-1
1186,12403,/people/person/profession,13803,-1,-1,-1,13803,-1,-1,-1
1187,12406,/people/person/profession,13317,-1,-1,-1,13317,-1,-1,-1
1188,12409,/people/person/profession,4396,-1,-1,-1,4396,-1,-1,-1
1189,12505,/people/person/profession,4396,-1,-1,-1,4396,-1,-1,-1
1190,12515,/people/person/profession,4396,-1,-1,-1,11852,-1,-1,-1
1191,12515,/people/person/profession,11852,-1,-1,-1,11852,-1,-1,-1
1192,12524,/people/person/profession,11852,-1,-1,-1,11852,-1,-1,-1
1193,12556,/people/person/profession,4510,-1,-1,-1,4510,-1,-1,-1
1194,12557,/people/person/profession,1370,-1,-1,-1,1370,-1,-1,-1
1195,12559,/people/person/profession,6121,-1,-1,-1,6121,-1,-1,-1
1196,12560,/people/person/profession,11852,-1,-1,-1,11852,-1,-1,-1
1197,12562,/people/person/profession,1370,-1,-1,-1,-1,-1,-1,-1
1198,12562,/people/person/profession,9752,-1,-1,-1,-1,-1,-1,-1
1199,12563,/people/person/profession,1370,-1,-1,-1,1370,-1,-1,-1
1200,12654,/people/person/profession,11852,-1,-1,-1,13857,-1,-1,-1
1201,12654,/people/person/profession,13857,-1,-1,-1,13857,-1,-1,-1
1202,12669,/people/person/profession,11246,-1,-1,-1,11852,-1,-1,-1
1203,12669,/people/person/profession,11852,-1,-1,-1,11852,-1,-1,-1
1204,12670,/people/person/profession,4396,-1,-1,-1,4396,-1,-1,-1
1205,12673,/people/person/profession,4396,-1,-1,-1,4396,-1,-1,-1
1206,12681,/people/person/profession,11852,-1,-1,-1,11852,-1,-1,-1
1207,12703,/people/person/profession,8546,-1,-1,-1,11246,-1,-1,-1
1208,12703,/people/person/profession,8643,-1,-1,-1,11246,-1,-1,-1
1209,12703,/people/person/profession,11246,-1,-1,-1,11246,-1,-1,-1
1210,12709,/people/person/profession,923,-1,-1,-1,923,-1,-1,-1
1211,12719,/people/person/profession,1370,-1,-1,-1,1370,-1,-1,-1
1212,12721,/people/person/profession,4441,-1,-1,-1,4441,-1,-1,-1
1213,12722,/people/person/profession,1370,-1,-1,-1,1370,-1,-1,-1
1214,12745,/people/person/profession,10485,-1,-1,-1,10485,-1,-1,-1
1215,12767,/people/person/profession,11592,-1,-1,-1,-1,-1,-1,-1
1216,12816,/people/person/profession,4403,-1,-1,-1,-1,-1,-1,-1
1217,12826,/people/person/profession,8581,-1,-1,-1,-1,-1,-1,-1
1218,12838,/people/person/profession,14032,-1,-1,-1,-1,-1,-1,-1
1219,12840,/people/person/profession,13429,-1,-1,-1,-1,-1,-1,-1
1220,12843,/people/person/profession,11852,-1,-1,-1,11852,-1,-1,-1
1221,12862,/people/person/profession,4441,-1,-1,-1,4441,-1,-1,-1
1222,12865,/people/person/profession,4396,-1,-1,-1,4396,-1,-1,-1
1223,12883,/people/person/profession,12752,-1,-1,-1,-1,-1,-1,-1
1224,12887,/people/person/profession,11863,-1,-1,-1,11863,-1,-1,-1
1225,12903,/people/person/profession,1370,-1,-1,-1,1370,-1,-1,-1
1226,12914,/people/person/profession,5823,-1,-1,-1,10485,-1,-1,-1
1227,12914,/people/person/profession,10485,-1,-1,-1,10485,-1,-1,-1
1228,12935,/people/person/profession,6121,-1,-1,-1,6121,-1,-1,-1
1229,12958,/people/person/profession,7669,-1,-1,-1,-1,-1,-1,-1
1230,12958,/people/person/profession,9133,-1,-1,-1,-1,-1,-1,-1
1231,12975,/people/person/profession,4441,-1,-1,-1,4441,-1,-1,-1
1232,12985,/people/person/profession,4441,-1,-1,-1,4441,-1,-1,-1
1233,13055,/people/person/profession,11852,-1,-1,-1,11852,-1,-1,-1
1234,13076,/people/person/profession,4441,-1,-1,-1,4441,-1,-1,-1
1235,13081,/people/person/profession,4396,-1,-1,-1,4396,-1,-1,-1
1236,13083,/people/person/profession,4510,-1,-1,-1,4510,-1,-1,-1
1237,13091,/people/person/profession,1370,-1,-1,-1,1370,-1,-1,-1
1238,13098,/people/person/profession,1370,-1,-1,-1,4396,-1,-1,-1
1239,13098,/people/person/profession,4396,-1,-1,-1,4396,-1,-1,-1
1240,13125,/people/person/profession,10485,-1,-1,-1,10485,-1,-1,-1
1241,13130,/people/person/profession,6121,-1,-1,-1,6121,-1,-1,-1
1242,13161,/people/person/profession,1259,-1,-1,-1,-1,-1,-1,-1
1243,13161,/people/person/profession,8581,-1,-1,-1,-1,-1,-1,-1
1244,13168,/people/person/profession,11852,-1,-1,-1,11852,-1,-1,-1
1245,13178,/people/person/profession,11863,-1,-1,-1,11863,-1,-1,-1
1246,13214,/people/person/profession,13720,-1,-1,-1,13720,-1,-1,-1
1247,13232,/people/person/profession,4441,-1,-1,-1,4441,-1,-1,-1
1248,13236,/people/person/profession,6121,-1,-1,-1,11852,-1,-1,-1
1249,13236,/people/person/profession,11852,-1,-1,-1,11852,-1,-1,-1
1250,13238,/people/person/profession,733,-1,-1,-1,1259,-1,-1,-1
1251,13238,/people/person/profession,1259,-1,-1,-1,1259,-1,-1,-1
1252,13239,/people/person/profession,1370,-1,-1,-1,1370,-1,-1,-1
1253,13251,/people/person/profession,11246,-1,-1,-1,11246,-1,-1,-1
1254,13267,/people/person/profession,1370,-1,-1,-1,1370,-1,-1,-1
1255,13273,/people/person/profession,11852,-1,-1,-1,11852,-1,-1,-1
1256,13311,/people/person/profession,13803,-1,-1,-1,13803,-1,-1,-1
1257,13337,/people/person/profession,1370,-1,-1,-1,1370,-1,-1,-1
1258,13375,/people/person/profession,1370,-1,-1,-1,13720,-1,-1,-1
1259,13375,/people/person/profession,11852,-1,-1,-1,13720,-1,-1,-1
1260,13375,/people/person/profession,13720,-1,-1,-1,13720,-1,-1,-1
1261,13377,/people/person/profession,4396,-1,-1,-1,4396,-1,-1,-1
1262,13383,/people/person/profession,13317,-1,-1,-1,13317,-1,-1,-1
1263,13418,/people/person/profession,13317,-1,-1,-1,13317,-1,-1,-1
1264,13441,/people/person/profession,4396,-1,-1,-1,11246,-1,-1,-1
1265,13441,/people/person/profession,11246,-1,-1,-1,11246,-1,-1,-1
1266,13443,/people/person/profession,11518,-1,-1,-1,11518,-1,-1,-1
1267,13454,/people/person/profession,4396,-1,-1,-1,4396,-1,-1,-1
1268,13467,/people/person/profession,923,-1,-1,-1,923,-1,-1,-1
1269,13473,/people/person/profession,13317,-1,-1,-1,13317,-1,-1,-1
1270,13502,/people/person/profession,11852,-1,-1,-1,11852,-1,-1,-1
1271,13524,/people/person/profession,4396,-1,-1,-1,4396,-1,-1,-1
1272,13572,/people/person/profession,11852,-1,-1,-1,11852,-1,-1,-1
1273,13611,/people/person/profession,159,-1,-1,-1,4441,-1,-1,-1
1274,13611,/people/person/profession,1370,-1,-1,-1,4441,-1,-1,-1
1275,13611,/people/person/profession,4441,-1,-1,-1,4441,-1,-1,-1
1276,13787,/people/person/profession,159,-1,-1,-1,1370,-1,-1,-1
1277,13787,/people/person/profession,1370,-1,-1,-1,1370,-1,-1,-1
1278,13820,/people/person/profession,12061,-1,-1,-1,-1,-1,-1,-1
1279,13904,/people/person/profession,10485,-1,-1,-1,10485,-1,-1,-1
1280,13909,/people/person/profession,4441,-1,-1,-1,4441,-1,-1,-1
1281,13936,/people/person/profession,6121,-1,-1,-1,6121,-1,-1,-1
1282,13937,/people/person/profession,11246,-1,-1,-1,11246,-1,-1,-1
1283,13938,/people/person/profession,11852,-1,-1,-1,11852,-1,-1,-1
1284,13940,/people/person/profession,923,-1,-1,-1,923,-1,-1,-1
1285,13964,/people/person/profession,4396,-1,-1,-1,13857,-1,-1,-1
1286,13964,/people/person/profession,11852,-1,-1,-1,13857,-1,-1,-1
1287,13964,/people/person/profession,13857,-1,-1,-1,13857,-1,-1,-1
1288,13965,/people/person/profession,4441,-1,-1,-1,4441,-1,-1,-1
1289,13971,/people/person/profession,733,-1,-1,-1,733,-1,-1,-1
1290,13984,/people/person/profession,4396,-1,-1,-1,4396,-1,-1,-1
1291,13990,/people/person/profession,3880,-1,-1,-1,-1,-1,-1,-1
1292,14026,/people/person/profession,10485,-1,-1,-1,10485,-1,-1,-1
1293,14027,/people/person/profession,923,-1,-1,-1,1370,-1,-1,-1
1294,14027,/people/person/profession,1370,-1,-1,-1,1370,-1,-1,-1
1295,14034,/people/person/profession,4396,-1,-1,-1,4396,-1,-1,-1
1296,14038,/people/person/profession,4441,-1,-1,-1,4441,-1,-1,-1
1297,14039,/people/person/profession,6121,-1,-1,-1,6121,-1,-1,-1
1298,14049,/people/person/profession,4396,-1,-1,-1,4441,-1,-1,-1
1299,14049,/people/person/profession,4441,-1,-1,-1,4441,-1,-1,-1
1300,14054,/people/person/profession,11852,-1,-1,-1,11852,-1,-1,-1
1301,14065,/people/person/profession,4396,-1,-1,-1,4396,-1,-1,-1
1302,14075,/people/person/profession,923,-1,-1,-1,4396,-1,-1,-1
1303,14075,/people/person/profession,1370,-1,-1,-1,4396,-1,-1,-1
1304,14075,/people/person/profession,4396,-1,-1,-1,4396,-1,-1,-1
1305,14077,/people/person/profession,11863,-1,-1,-1,13803,-1,-1,-1
1306,14077,/people/person/profession,13803,-1,-1,-1,13803,-1,-1,-1
1307,14233,/people/person/profession,923,-1,-1,-1,923,-1,-1,-1
1308,14267,/people/person/profession,13317,-1,-1,-1,13317,-1,-1,-1
1309,14383,/people/person/profession,1259,-1,-1,-1,1259,-1,-1,-1
1310,14417,/people/person/profession,11852,-1,-1,-1,11852,-1,-1,-1
